Id;Nome_Breve;Nome;R;Ruolo_Esteso;Qt.A;Qt.I;Qt.M;Diff.M;Squadra;FVM;FVM.M;Piede;Nazionalita;DataNascita;PhotoURL;Extra1;Extra2;Extra3
3;Carnesecchi Marco;Carnesecchi Marco;P;P;94;94;94;0;Atalanta;2.3;;;;;;;;
7;Rossi Francesco;Rossi Francesco;P;P;42;42;42;0;Atalanta;2.3;;;;;;;;
9;Sportiello Marco;Sportiello Marco;P;P;41;41;41;0;Atalanta;2.3;;;;;;;;
10;Ahanor Honest;Ahanor Honest;D;D;85;85;85;0;Atalanta;1.2;;;;;;;;
11;Bakker Mitchel;Bakker Mitchel;D;D;57;57;57;0;Atalanta;1.2;;;;;;;;
12;Bellanova Raoul;Bellanova Raoul;D;D;89;89;89;0;Atalanta;1.2;;;;;;;;
13;Bernasconi Lorenzo;Bernasconi Lorenzo;D;D;76;76;76;0;Atalanta;1.2;;;;;;;;
14;Hien Isak;Hien Isak;D;D;82;82;82;0;Atalanta;1.2;;;;;;;;
15;Kolasinac Sead;Kolasinac Sead;D;D;71;71;71;0;Atalanta;1.2;;;;;;;;
16;Kossounou Odilon;Kossounou Odilon;D;D;70;70;70;0;Atalanta;1.2;;;;;;;;
17;Kristensen Thomas;Kristensen Thomas;D;D;84;84;84;0;Atalanta;1.2;;;;;;;;
18;Scalvini Giorgio;Scalvini Giorgio;D;D;91;91;91;0;Atalanta;1.2;;;;;;;;
19;Zalewski Nicola;Zalewski Nicola;D;D;90;90;90;0;Atalanta;1.2;;;;;;;;
20;Zappacosta Davide;Zappacosta Davide;D;D;90;90;90;0;Atalanta;1.2;;;;;;;;
21;De Ketelaere Charles;De Ketelaere Charles;C;C;97;97;97;0;Atalanta;7.1;;;;;;;;
22;De Roon Marten;De Roon Marten;C;C;80;80;80;0;Atalanta;7.1;;;;;;;;
23;Ederson Dos Santos;Ederson Dos Santos;C;C;95;95;95;0;Atalanta;7.1;;;;;;;;
24;Gaetano Gianluca;Gaetano Gianluca;C;C;94;94;94;0;Atalanta;7.1;;;;;;;;
25;Pasalic Mario;Pasalic Mario;C;C;89;89;89;0;Atalanta;7.1;;;;;;;;
26;Samardzic Lazar;Samardzic Lazar;C;C;84;84;84;0;Atalanta;7.1;;;;;;;;
27;Sulemana Ibrahim;Sulemana Ibrahim;C;C;73;73;73;0;Atalanta;7.1;;;;;;;;
28;Krstovic Nikola;Krstovic Nikola;A;A;93;93;93;0;Atalanta;29.9;;;;;;;;
29;Raspadori Giacomo;Raspadori Giacomo;A;A;89;89;89;0;Atalanta;29.9;;;;;;;;
30;Scamacca Gianluca;Scamacca Gianluca;A;A;91;91;91;0;Atalanta;29.9;;;;;;;;
31;Sulemana Kamaldeen;Sulemana Kamaldeen;A;A;80;80;80;0;Atalanta;29.9;;;;;;;;
32;Vlahovic Vanja;Vlahovic Vanja;A;A;58;58;58;0;Atalanta;29.9;;;;;;;;
33;Pessina Massimo;Pessina Massimo;P;P;49;49;49;0;Bologna;2.3;;;;;;;;
34;Skorupski Lukasz;Skorupski Lukasz;P;P;66;66;66;0;Bologna;2.3;;;;;;;;
35;Alhassane Rahim;Alhassane Rahim;D;D;65;65;65;0;Bologna;1.2;;;;;;;;
36;Casale Nicolo';Casale Nicolo';D;D;60;60;60;0;Bologna;1.2;;;;;;;;
37;De Silvestri Lorenzo;De Silvestri Lorenzo;D;D;48;48;48;0;Bologna;1.2;;;;;;;;
38;Heggem Torbjor;Heggem Torbjor;D;D;70;70;70;0;Bologna;1.2;;;;;;;;
39;Helland Eivind;Helland Eivind;D;D;62;62;62;0;Bologna;1.2;;;;;;;;
40;Holm Emil;Holm Emil;D;D;76;76;76;0;Bologna;1.2;;;;;;;;
41;Lucumi' Jhon;Lucumi' Jhon;D;D;84;84;84;0;Bologna;1.2;;;;;;;;
42;Miranda Juan;Miranda Juan;D;D;91;91;91;0;Bologna;1.2;;;;;;;;
43;Vitik Martin;Vitik Martin;D;D;68;68;68;0;Bologna;1.2;;;;;;;;
44;Zortea Nadir;Zortea Nadir;D;D;80;80;80;0;Bologna;1.2;;;;;;;;
45;Amondarain Mikel;Amondarain Mikel;C;C;62;62;62;0;Bologna;7.1;;;;;;;;
46;Bernardeschi Federico;Bernardeschi Federico;C;C;80;80;80;0;Bologna;7.1;;;;;;;;
47;El Azzouzi Oussama;El Azzouzi Oussama;C;C;54;54;54;0;Bologna;7.1;;;;;;;;
48;Ferguson Lewis;Ferguson Lewis;C;C;79;79;79;0;Bologna;7.1;;;;;;;;
49;Moro Nikola;Moro Nikola;C;C;74;74;74;0;Bologna;7.1;;;;;;;;
50;Odgaard Jens;Odgaard Jens;C;C;80;80;80;0;Bologna;7.1;;;;;;;;
51;Orsolini Riccardo;Orsolini Riccardo;C;C;93;93;93;0;Bologna;7.1;;;;;;;;
52;Pobega Tommaso;Pobega Tommaso;C;C;79;79;79;0;Bologna;7.1;;;;;;;;
53;Rowe Jonathan David Henry;Rowe Jonathan David Henry;C;C;88;88;88;0;Bologna;7.1;;;;;;;;
54;Cambiaghi Nicolo;Cambiaghi Nicolo;A;A;73;73;73;0;Bologna;29.9;;;;;;;;
55;Dallinga Thijs;Dallinga Thijs;A;A;70;70;70;0;Bologna;29.9;;;;;;;;
56;Dovbyk Artem;Dovbyk Artem;A;A;77;77;77;0;Bologna;29.9;;;;;;;;
57;Piccoli Roberto;Piccoli Roberto;A;A;89;89;89;0;Bologna;29.9;;;;;;;;
58;Caprile Elia;Caprile Elia;P;P;91;91;91;0;Cagliari;1.9;;;;;;;;
59;Radunovic Boris;Radunovic Boris;P;P;42;42;42;0;Cagliari;1.9;;;;;;;;
60;Da Silva Jose Ze Pedro;Da Silva Jose Ze Pedro;D;D;61;61;61;0;Cagliari;1.0;;;;;;;;
61;Idrissi Riyad;Idrissi Riyad;D;D;62;62;62;0;Cagliari;1.0;;;;;;;;
62;Kofler Raphael;Kofler Raphael;D;D;64;64;64;0;Cagliari;1.0;;;;;;;;
63;Mina Yerry;Mina Yerry;D;D;71;71;71;0;Cagliari;1.0;;;;;;;;
64;Obert Adam;Obert Adam;D;D;76;76;76;0;Cagliari;1.0;;;;;;;;
65;Rodriguez Juan;Rodriguez Juan;D;D;62;62;62;0;Cagliari;1.0;;;;;;;;
66;Zappa Gabriele;Zappa Gabriele;D;D;74;74;74;0;Cagliari;1.0;;;;;;;;
67;Adopo Michel;Adopo Michel;C;C;90;90;90;0;Cagliari;5.7;;;;;;;;
68;Deiola Alessandro;Deiola Alessandro;C;C;64;64;64;0;Cagliari;5.7;;;;;;;;
69;Fazzini Jacopo;Fazzini Jacopo;C;C;66;66;66;0;Cagliari;5.7;;;;;;;;
70;Felici Mattia;Felici Mattia;C;C;63;63;63;0;Cagliari;5.7;;;;;;;;
71;Liteta Joseph;Liteta Joseph;C;C;60;60;60;0;Cagliari;5.7;;;;;;;;
72;Maldini Daniel;Maldini Daniel;C;C;80;80;80;0;Cagliari;5.7;;;;;;;;
73;Prati Matteo;Prati Matteo;C;C;69;69;69;0;Cagliari;5.7;;;;;;;;
74;Romano Alessandro;Romano Alessandro;C;C;59;59;59;0;Cagliari;5.7;;;;;;;;
75;Winks Harry;Winks Harry;C;C;59;59;59;0;Cagliari;5.7;;;;;;;;
76;Albarracín Agustín;Albarracín Agustín;A;A;63;63;63;0;Cagliari;24.0;;;;;;;;
77;Borrelli Gennaro;Borrelli Gennaro;A;A;65;65;65;0;Cagliari;24.0;;;;;;;;
78;Carlos Kevin;Carlos Kevin;A;A;64;64;64;0;Cagliari;24.0;;;;;;;;
79;Esposito Sebastiano;Esposito Sebastiano;A;A;87;87;87;0;Cagliari;24.0;;;;;;;;
80;Mendy Paul;Mendy Paul;A;A;74;74;74;0;Cagliari;24.0;;;;;;;;
81;Mutandwa Kingstone;Mutandwa Kingstone;A;A;56;56;56;0;Cagliari;24.0;;;;;;;;
82;Trepy Yael;Trepy Yael;A;A;52;52;52;0;Cagliari;24.0;;;;;;;;
83;Butez Jean;Butez Jean;P;P;99;99;99;0;Como;1.9;;;;;;;;
84;Satalino Giacomo;Satalino Giacomo;P;P;54;54;54;0;Como;1.9;;;;;;;;
85;Tornqvist Noel;Tornqvist Noel;P;P;54;54;54;0;Como;1.9;;;;;;;;
86;Vigorito Mauro;Vigorito Mauro;P;P;44;44;44;0;Como;1.9;;;;;;;;
87;Chalobah Trevoh;Chalobah Trevoh;D;D;78;78;78;0;Como;1.0;;;;;;;;
88;Couto Yan;Couto Yan;D;D;69;69;69;0;Como;1.0;;;;;;;;
89;Cuenca Andrés;Cuenca Andrés;D;D;52;52;52;0;Como;1.0;;;;;;;;
90;Dossena Alberto;Dossena Alberto;D;D;74;74;74;0;Como;1.0;;;;;;;;
91;Goldaniga Edoardo;Goldaniga Edoardo;D;D;54;54;54;0;Como;1.0;;;;;;;;
92;Kaiki Bruno;Kaiki Bruno;D;D;80;80;80;0;Como;1.0;;;;;;;;
93;Kempf Marc Oliver;Kempf Marc Oliver;D;D;84;84;84;0;Como;1.0;;;;;;;;
94;Naveros Jacobo Ramon;Naveros Jacobo Ramon;D;D;92;92;92;0;Como;1.0;;;;;;;;
95;Smolcic Ivan;Smolcic Ivan;D;D;81;81;81;0;Como;1.0;;;;;;;;
96;Valle Alex;Valle Alex;D;D;89;89;89;0;Como;1.0;;;;;;;;
97;Van Der Brempt Ignace;Van Der Brempt Ignace;D;D;67;67;67;0;Como;1.0;;;;;;;;
98;Baturina Martin;Baturina Martin;C;C;94;94;94;0;Como;5.7;;;;;;;;
99;Calò Giacomo;Calò Giacomo;C;C;75;75;75;0;Como;5.7;;;;;;;;
100;Caqueret Maxence;Caqueret Maxence;C;C;88;88;88;0;Como;5.7;;;;;;;;
101;Da Cunha Lucas;Da Cunha Lucas;C;C;96;96;96;0;Como;5.7;;;;;;;;
102;Fadera Alieu;Fadera Alieu;C;C;78;78;78;0;Como;5.7;;;;;;;;
103;Lahdo Adrian;Lahdo Adrian;C;C;76;76;76;0;Como;5.7;;;;;;;;
104;Liberali Mattia;Liberali Mattia;C;C;68;68;68;0;Como;5.7;;;;;;;;
105;Milla Luis;Milla Luis;C;C;68;68;68;0;Como;5.7;;;;;;;;
106;Paz Nico;Paz Nico;C;C;97;97;97;0;Como;5.7;;;;;;;;
107;Perrone Maximo;Perrone Maximo;C;C;95;95;95;0;Como;5.7;;;;;;;;
108;Rispoli Fabio;Rispoli Fabio;C;C;64;64;64;0;Como;5.7;;;;;;;;
109;Diao Assane;Diao Assane;A;A;82;82;82;0;Como;24.0;;;;;;;;
111;Kuhn Nicolas-Gerrit;Kuhn Nicolas-Gerrit;A;A;65;65;65;0;Como;24.0;;;;;;;;
112;Morata Alvaro;Morata Alvaro;A;A;61;61;61;0;Como;24.0;;;;;;;;
113;Osei Addai Jayden;Osei Addai Jayden;A;A;78;78;78;0;Como;24.0;;;;;;;;
114;Rodriguez Jesus;Rodriguez Jesus;A;A;90;90;90;0;Como;24.0;;;;;;;;
115;De Gea David;De Gea David;P;P;93;93;93;0;Fiorentina;2.3;;;;;;;;
117;Lezzerini Luca;Lezzerini Luca;P;P;47;47;47;0;Fiorentina;2.3;;;;;;;;
118;Dodo' Domilson;Dodo' Domilson;D;D;98;98;98;0;Fiorentina;1.2;;;;;;;;
119;Dragusin Radu;Dragusin Radu;D;D;79;79;79;0;Fiorentina;1.2;;;;;;;;
120;Fortini Niccolo';Fortini Niccolo';D;D;63;63;63;0;Fiorentina;1.2;;;;;;;;
121;Jimenez Alex;Jimenez Alex;D;D;69;69;69;0;Fiorentina;1.2;;;;;;;;
122;Mario Joao;Mario Joao;D;D;73;73;73;0;Fiorentina;1.2;;;;;;;;
123;Parisi Fabiano;Parisi Fabiano;D;D;76;76;76;0;Fiorentina;1.2;;;;;;;;
124;Pongracic Marin;Pongracic Marin;D;D;83;83;83;0;Fiorentina;1.2;;;;;;;;
125;Ranieri Luca;Ranieri Luca;D;D;77;77;77;0;Fiorentina;1.2;;;;;;;;
126;Valdepenas Victor;Valdepenas Victor;D;D;66;66;66;0;Fiorentina;1.2;;;;;;;;
127;Viery Fernandes;Viery Fernandes;D;D;67;67;67;0;Fiorentina;1.2;;;;;;;;
128;Atta Arthur;Atta Arthur;C;C;97;97;97;0;Fiorentina;7.1;;;;;;;;
129;Brescianini Marco;Brescianini Marco;C;C;80;80;80;0;Fiorentina;7.1;;;;;;;;
130;Fabbian Giovanni;Fabbian Giovanni;C;C;76;76;76;0;Fiorentina;7.1;;;;;;;;
131;Fagioli Nicolò;Fagioli Nicolò;C;C;88;88;88;0;Fiorentina;7.1;;;;;;;;
132;Gudmundsson Albert;Gudmundsson Albert;C;C;99;99;99;0;Fiorentina;7.1;;;;;;;;
133;Mandragora Rolando;Mandragora Rolando;C;C;97;97;97;0;Fiorentina;7.1;;;;;;;;
134;Ndour Cher;Ndour Cher;C;C;89;89;89;0;Fiorentina;7.1;;;;;;;;
135;Oulaï Christ Inao;Oulaï Christ Inao;C;C;78;78;78;0;Fiorentina;7.1;;;;;;;;
136;Kean Moise;Kean Moise;A;A;81;81;81;0;Fiorentina;29.9;;;;;;;;
138;Pellegrino Mateo;Pellegrino Mateo;A;A;95;95;95;0;Fiorentina;29.9;;;;;;;;
139;Desplanches Sebastiano;Desplanches Sebastiano;P;P;38;38;38;0;Frosinone;1.9;;;;;;;;
140;Palmisani Lorenzo;Palmisani Lorenzo;P;P;62;62;62;0;Frosinone;1.9;;;;;;;;
141;Pisseri Matteo;Pisseri Matteo;P;P;33;33;33;0;Frosinone;1.9;;;;;;;;
142;Akpoguma Kevin;Akpoguma Kevin;D;D;52;52;52;0;Frosinone;1.0;;;;;;;;
143;Amey Wisdom;Amey Wisdom;D;D;43;43;43;0;Frosinone;1.0;;;;;;;;
144;Bracaglia Gabriele;Bracaglia Gabriele;D;D;60;60;60;0;Frosinone;1.0;;;;;;;;
145;Calvani Gabriele;Calvani Gabriele;D;D;60;60;60;0;Frosinone;1.0;;;;;;;;
146;Cittadini Giorgio;Cittadini Giorgio;D;D;50;50;50;0;Frosinone;1.0;;;;;;;;
147;Corrado Niccolò;Corrado Niccolò;D;D;45;45;45;0;Frosinone;1.0;;;;;;;;
148;Kalaj Sergio;Kalaj Sergio;D;D;45;45;45;0;Frosinone;1.0;;;;;;;;
149;Monterisi Ilario;Monterisi Ilario;D;D;52;52;52;0;Frosinone;1.0;;;;;;;;
150;Oyono Anthony;Oyono Anthony;D;D;54;54;54;0;Frosinone;1.0;;;;;;;;
151;Oyono Jérémy;Oyono Jérémy;D;D;45;45;45;0;Frosinone;1.0;;;;;;;;
152;Terzic Aleksa;Terzic Aleksa;D;D;53;53;53;0;Frosinone;1.0;;;;;;;;
153;Azzouzi Anouar El;Azzouzi Anouar El;C;C;53;53;53;0;Frosinone;5.7;;;;;;;;
154;Cichella Matteo;Cichella Matteo;C;C;65;65;65;0;Frosinone;5.7;;;;;;;;
155;Gelli Francesco;Gelli Francesco;C;C;43;43;43;0;Frosinone;5.7;;;;;;;;
156;Grillitsch Florian;Grillitsch Florian;C;C;56;56;56;0;Frosinone;5.7;;;;;;;;
157;Hasa Luis;Hasa Luis;C;C;56;56;56;0;Frosinone;5.7;;;;;;;;
158;Kone Ben Lhassine;Kone Ben Lhassine;C;C;48;48;48;0;Frosinone;5.7;;;;;;;;
159;Koutsoupias Ilias;Koutsoupias Ilias;C;C;60;60;60;0;Frosinone;5.7;;;;;;;;
160;Masini Patrizio;Masini Patrizio;C;C;57;57;57;0;Frosinone;5.7;;;;;;;;
161;Schmid Romano;Schmid Romano;C;C;65;65;65;0;Frosinone;5.7;;;;;;;;
162;Zerbin Alessio;Zerbin Alessio;C;C;74;74;74;0;Frosinone;5.7;;;;;;;;
163;Barcella Kevin;Barcella Kevin;A;A;52;52;52;0;Frosinone;24.0;;;;;;;;
164;Cichero Alejandro;Cichero Alejandro;A;A;52;52;52;0;Frosinone;24.0;;;;;;;;
165;Fini Seydou;Fini Seydou;A;A;43;43;43;0;Frosinone;24.0;;;;;;;;
166;Ghedjemis Fares;Ghedjemis Fares;A;A;65;65;65;0;Frosinone;24.0;;;;;;;;
167;Kvernadze Giorgi;Kvernadze Giorgi;A;A;54;54;54;0;Frosinone;24.0;;;;;;;;
168;Raimondo Antonio;Raimondo Antonio;A;A;58;58;58;0;Frosinone;24.0;;;;;;;;
169;Bijlow Justin;Bijlow Justin;P;P;62;62;62;0;Genoa;1.9;;;;;;;;
170;Sommariva Daniele;Sommariva Daniele;P;P;35;35;35;0;Genoa;1.9;;;;;;;;
171;Stolz Franz;Stolz Franz;P;P;45;45;45;0;Genoa;1.9;;;;;;;;
172;Marcandalli Alessandro;Marcandalli Alessandro;D;D;76;76;76;0;Genoa;1.0;;;;;;;;
173;Martin Aaron;Martin Aaron;D;D;77;77;77;0;Genoa;1.0;;;;;;;;
174;Matturro Alan;Matturro Alan;D;D;57;57;57;0;Genoa;1.0;;;;;;;;
175;Mitaj Mario;Mitaj Mario;D;D;64;64;64;0;Genoa;1.0;;;;;;;;
176;Norton-Cuffy Brooke;Norton-Cuffy Brooke;D;D;74;74;74;0;Genoa;1.0;;;;;;;;
177;Ostigard Leo;Ostigard Leo;D;D;78;78;78;0;Genoa;1.0;;;;;;;;
178;Otoa Sebastian;Otoa Sebastian;D;D;53;53;53;0;Genoa;1.0;;;;;;;;
179;Puczka David;Puczka David;D;D;53;53;53;0;Genoa;1.0;;;;;;;;
180;Sabelli Stefano;Sabelli Stefano;D;D;71;71;71;0;Genoa;1.0;;;;;;;;
181;Vasquez Johan;Vasquez Johan;D;D;96;96;96;0;Genoa;1.0;;;;;;;;
182;Amorim Alexsandro;Amorim Alexsandro;C;C;67;67;67;0;Genoa;5.7;;;;;;;;
183;Baldanzi Tommaso;Baldanzi Tommaso;C;C;82;82;82;0;Genoa;5.7;;;;;;;;
184;Ellertsson Mikael Egill;Ellertsson Mikael Egill;C;C;76;76;76;0;Genoa;5.7;;;;;;;;
185;Frendrup Morten;Frendrup Morten;C;C;94;94;94;0;Genoa;5.7;;;;;;;;
186;Meichtry Franz-Ethan;Meichtry Franz-Ethan;C;C;63;63;63;0;Genoa;5.7;;;;;;;;
187;Messias Junior;Messias Junior;C;C;71;71;71;0;Genoa;5.7;;;;;;;;
188;Sow Djibril;Sow Djibril;C;C;59;59;59;0;Genoa;5.7;;;;;;;;
189;Traore Hamed;Traore Hamed;C;C;81;81;81;0;Genoa;5.7;;;;;;;;
190;Wiafe Samuel;Wiafe Samuel;C;C;56;56;56;0;Genoa;5.7;;;;;;;;
191;Colombo Lorenzo;Colombo Lorenzo;A;A;97;97;97;0;Genoa;24.0;;;;;;;;
192;Havel Elias;Havel Elias;A;A;63;63;63;0;Genoa;24.0;;;;;;;;
193;Venturino Lorenzo;Venturino Lorenzo;A;A;68;68;68;0;Genoa;24.0;;;;;;;;
194;Vitinha Vitor Manuel;Vitinha Vitor Manuel;A;A;79;79;79;0;Genoa;24.0;;;;;;;;
195;Di Gennaro Raffaele;Di Gennaro Raffaele;P;P;45;45;45;0;Inter;2.3;;;;;;;;
196;Martinez Josep;Martinez Josep;P;P;80;80;80;0;Inter;2.3;;;;;;;;
197;Provedel Ivan;Provedel Ivan;P;P;78;78;78;0;Inter;2.3;;;;;;;;
198;Akanji Manuel Obafemi;Akanji Manuel Obafemi;D;D;90;90;90;0;Inter;1.2;;;;;;;;
199;Augusto Carlos;Augusto Carlos;D;D;95;95;95;0;Inter;1.2;;;;;;;;
200;Bastoni Alessandro;Bastoni Alessandro;D;D;96;96;96;0;Inter;1.2;;;;;;;;
201;Bisseck Yann Aurel;Bisseck Yann Aurel;D;D;97;97;97;0;Inter;1.2;;;;;;;;
202;De Winter Koni;De Winter Koni;D;D;80;80;80;0;Inter;1.2;;;;;;;;
203;Dimarco Federico;Dimarco Federico;D;D;93;93;93;0;Inter;1.2;;;;;;;;
204;Pavard Benjamin;Pavard Benjamin;D;D;79;79;79;0;Inter;1.2;;;;;;;;
205;Stones John;Stones John;D;D;80;80;80;0;Inter;1.2;;;;;;;;
206;Asllani Kristjan;Asllani Kristjan;C;C;73;73;73;0;Inter;7.1;;;;;;;;
207;Barella Nicolo';Barella Nicolo';C;C;97;97;97;0;Inter;7.1;;;;;;;;
208;Calhanoglu Hakan;Calhanoglu Hakan;C;C;92;92;92;0;Inter;7.1;;;;;;;;
209;Diouf Andy Alune;Diouf Andy Alune;C;C;81;81;81;0;Inter;7.1;;;;;;;;
210;Henrique Luis;Henrique Luis;C;C;97;97;97;0;Inter;7.1;;;;;;;;
211;Massolin  Yanis;Massolin  Yanis;C;C;65;65;65;0;Inter;7.1;;;;;;;;
212;Mkhitaryan Henrikh;Mkhitaryan Henrikh;C;C;86;86;86;0;Inter;7.1;;;;;;;;
213;Stankovic Aleksandar;Stankovic Aleksandar;C;C;79;79;79;0;Inter;7.1;;;;;;;;
214;Sucic Petar;Sucic Petar;C;C;95;95;95;0;Inter;7.1;;;;;;;;
215;Zielinski Piotr;Zielinski Piotr;C;C;99;99;99;0;Inter;7.1;;;;;;;;
216;Bonny Ange-Yoan;Bonny Ange-Yoan;A;A;99;99;99;0;Inter;29.9;;;;;;;;
217;Esposito Francesco Pio;Esposito Francesco Pio;A;A;95;95;95;0;Inter;29.9;;;;;;;;
218;Martinez Lautaro;Martinez Lautaro;A;A;94;94;94;0;Inter;29.9;;;;;;;;
219;Thuram Marcus;Thuram Marcus;A;A;94;94;94;0;Inter;29.9;;;;;;;;
220;Di Gregorio Michele;Di Gregorio Michele;P;P;95;95;95;0;Juventus;2.3;;;;;;;;
221;Perin Mattia;Perin Mattia;P;P;51;51;51;0;Juventus;2.3;;;;;;;;
222;Pinsoglio Carlo;Pinsoglio Carlo;P;P;47;47;47;0;Juventus;2.3;;;;;;;;
223;Bremer Glaison;Bremer Glaison;D;D;94;94;94;0;Juventus;1.2;;;;;;;;
224;Cabal Juan;Cabal Juan;D;D;67;67;67;0;Juventus;1.2;;;;;;;;
225;Cambiaso Andrea;Cambiaso Andrea;D;D;94;94;94;0;Juventus;1.2;;;;;;;;
226;Celik Zeki;Celik Zeki;D;D;91;91;91;0;Juventus;1.2;;;;;;;;
227;Gatti Federico;Gatti Federico;D;D;78;78;78;0;Juventus;1.2;;;;;;;;
228;Kalulu Pierre;Kalulu Pierre;D;D;97;97;97;0;Juventus;1.2;;;;;;;;
229;Kelly Lloyd;Kelly Lloyd;D;D;92;92;92;0;Juventus;1.2;;;;;;;;
230;Rugani Daniele;Rugani Daniele;D;D;60;60;60;0;Juventus;1.2;;;;;;;;
231;Koopmeiners Teun;Koopmeiners Teun;C;C;86;86;86;0;Juventus;7.1;;;;;;;;
232;Locatelli Manuel;Locatelli Manuel;C;C;93;93;93;0;Juventus;7.1;;;;;;;;
233;Luiz Douglas;Luiz Douglas;C;C;83;83;83;0;Juventus;7.1;;;;;;;;
234;Mckennie Weston;Mckennie Weston;C;C;97;97;97;0;Juventus;7.1;;;;;;;;
235;Miretti Fabio;Miretti Fabio;C;C;74;74;74;0;Juventus;7.1;;;;;;;;
236;Thuram Khephren;Thuram Khephren;C;C;93;93;93;0;Juventus;7.1;;;;;;;;
237;Zhegrova Edon;Zhegrova Edon;C;C;77;77;77;0;Juventus;7.1;;;;;;;;
238;Alajbegovic Kerim;Alajbegovic Kerim;A;A;82;82;82;0;Juventus;29.9;;;;;;;;
239;Boga Jeremie;Boga Jeremie;A;A;85;85;85;0;Juventus;29.9;;;;;;;;
240;Conceicao Francisco;Conceicao Francisco;A;A;97;97;97;0;Juventus;29.9;;;;;;;;
241;David Jonathan Christian;David Jonathan Christian;A;A;91;91;91;0;Juventus;29.9;;;;;;;;
242;Ekhator Osayuki Jeff;Ekhator Osayuki Jeff;A;A;75;75;75;0;Juventus;29.9;;;;;;;;
243;Kolo Muani Randal;Kolo Muani Randal;A;A;82;82;82;0;Juventus;29.9;;;;;;;;
244;Milik Arkadiusz;Milik Arkadiusz;A;A;70;70;70;0;Juventus;29.9;;;;;;;;
245;Yildiz Kenan;Yildiz Kenan;A;A;93;93;93;0;Juventus;29.9;;;;;;;;
246;Furlanetto Alessio;Furlanetto Alessio;P;P;43;43;43;0;Lazio;2.3;;;;;;;;
247;Mandas Christos;Mandas Christos;P;P;62;62;62;0;Lazio;2.3;;;;;;;;
248;Motta Edoardo;Motta Edoardo;P;P;69;69;69;0;Lazio;2.3;;;;;;;;
249;Doekhi Danilho;Doekhi Danilho;D;D;80;80;80;0;Lazio;1.2;;;;;;;;
250;Floriani Mussolini Romano;Floriani Mussolini Romano;D;D;69;69;69;0;Lazio;1.2;;;;;;;;
251;Gigot Samuel;Gigot Samuel;D;D;57;57;57;0;Lazio;1.2;;;;;;;;
252;Lazzari Manuel;Lazzari Manuel;D;D;67;67;67;0;Lazio;1.2;;;;;;;;
253;Marusic Adam;Marusic Adam;D;D;77;77;77;0;Lazio;1.2;;;;;;;;
254;Patric Patricio Gabarron;Patric Patricio Gabarron;D;D;62;62;62;0;Lazio;1.2;;;;;;;;
255;Pedraza Alfonso;Pedraza Alfonso;D;D;59;59;59;0;Lazio;1.2;;;;;;;;
256;Pellegrini Luca;Pellegrini Luca;D;D;76;76;76;0;Lazio;1.2;;;;;;;;
257;Provstgaard Oliver;Provstgaard Oliver;D;D;78;78;78;0;Lazio;1.2;;;;;;;;
258;Romagnoli Alessio;Romagnoli Alessio;D;D;85;85;85;0;Lazio;1.2;;;;;;;;
259;Tavares Nuno;Tavares Nuno;D;D;78;78;78;0;Lazio;1.2;;;;;;;;
260;Belahyane Reda;Belahyane Reda;C;C;59;59;59;0;Lazio;7.1;;;;;;;;
261;Cataldi Danilo;Cataldi Danilo;C;C;79;79;79;0;Lazio;7.1;;;;;;;;
262;Dele-Bashiru Fisayo;Dele-Bashiru Fisayo;C;C;82;82;82;0;Lazio;7.1;;;;;;;;
263;Frattesi Davide;Frattesi Davide;C;C;76;76;76;0;Lazio;7.1;;;;;;;;
264;Przyborek Adrian;Przyborek Adrian;C;C;64;64;64;0;Lazio;7.1;;;;;;;;
265;Rovella Nicolo;Rovella Nicolo;C;C;74;74;74;0;Lazio;7.1;;;;;;;;
266;Taylor Kenneth;Taylor Kenneth;C;C;81;81;81;0;Lazio;7.1;;;;;;;;
267;Zaccagni Mattia;Zaccagni Mattia;C;C;83;83;83;0;Lazio;7.1;;;;;;;;
268;Cancellieri Matteo;Cancellieri Matteo;A;A;76;76;76;0;Lazio;29.9;;;;;;;;
269;Dia Boulaye;Dia Boulaye;A;A;77;77;77;0;Lazio;29.9;;;;;;;;
270;Isaksen Gustav;Isaksen Gustav;A;A;82;82;82;0;Lazio;29.9;;;;;;;;
271;Noslin Tijjani;Noslin Tijjani;A;A;82;82;82;0;Lazio;29.9;;;;;;;;
272;Ratkov Petar;Ratkov Petar;A;A;81;81;81;0;Lazio;29.9;;;;;;;;
273;Borbei Alexandru;Borbei Alexandru;P;P;38;38;38;0;Lecce;1.9;;;;;;;;
274;Falcone Wladimiro;Falcone Wladimiro;P;P;94;94;94;0;Lecce;1.9;;;;;;;;
275;Penev Plamen;Penev Plamen;P;P;34;34;34;0;Lecce;1.9;;;;;;;;
276;Gabriel Tiago;Gabriel Tiago;D;D;77;77;77;0;Lecce;1.0;;;;;;;;
277;Gallo Antonino;Gallo Antonino;D;D;86;86;86;0;Lecce;1.0;;;;;;;;
278;Gaspar Kiolanda;Gaspar Kiolanda;D;D;57;57;57;0;Lecce;1.0;;;;;;;;
279;Jean Gaby;Jean Gaby;D;D;52;52;52;0;Lecce;1.0;;;;;;;;
280;Kouassi Christ-Owen;Kouassi Christ-Owen;D;D;45;45;45;0;Lecce;1.0;;;;;;;;
281;Ndaba Corrie Richard;Ndaba Corrie Richard;D;D;46;46;46;0;Lecce;1.0;;;;;;;;
282;Siebert Jamil;Siebert Jamil;D;D;61;61;61;0;Lecce;1.0;;;;;;;;
283;Ubani Marlon;Ubani Marlon;D;D;44;44;44;0;Lecce;1.0;;;;;;;;
284;Veiga Danilo;Veiga Danilo;D;D;63;63;63;0;Lecce;1.0;;;;;;;;
285;Berisha Medon;Berisha Medon;C;C;61;61;61;0;Lecce;5.7;;;;;;;;
286;Coulibaly Lassana;Coulibaly Lassana;C;C;70;70;70;0;Lecce;5.7;;;;;;;;
287;Fofana Sadik;Fofana Sadik;C;C;44;44;44;0;Lecce;5.7;;;;;;;;
288;Gandelman Omri;Gandelman Omri;C;C;68;68;68;0;Lecce;5.7;;;;;;;;
289;Gorter Olaf;Gorter Olaf;C;C;47;47;47;0;Lecce;5.7;;;;;;;;
290;Kaba Mohamed;Kaba Mohamed;C;C;54;54;54;0;Lecce;5.7;;;;;;;;
291;Kovac Niko;Kovac Niko;C;C;49;49;49;0;Lecce;5.7;;;;;;;;
292;Maleh Youssef;Maleh Youssef;C;C;63;63;63;0;Lecce;5.7;;;;;;;;
293;Ngom Oumar;Ngom Oumar;C;C;58;58;58;0;Lecce;5.7;;;;;;;;
294;Banda Lameck;Banda Lameck;A;A;72;72;72;0;Lecce;24.0;;;;;;;;
295;Geubbels Willem;Geubbels Willem;A;A;78;78;78;0;Lecce;24.0;;;;;;;;
296;N'Dri Konan;N'Dri Konan;A;A;59;59;59;0;Lecce;24.0;;;;;;;;
297;Pierotti Santiago Daniel;Pierotti Santiago Daniel;A;A;85;85;85;0;Lecce;24.0;;;;;;;;
298;Stulic Nikola;Stulic Nikola;A;A;74;74;74;0;Lecce;24.0;;;;;;;;
299;Maignan Mike;Maignan Mike;P;P;94;94;94;0;Milan;2.3;;;;;;;;
300;Terracciano Pietro;Terracciano Pietro;P;P;42;42;42;0;Milan;2.3;;;;;;;;
301;Torriani Lorenzo;Torriani Lorenzo;P;P;45;45;45;0;Milan;2.3;;;;;;;;
302;Bartesaghi Davide;Bartesaghi Davide;D;D;89;89;89;0;Milan;1.2;;;;;;;;
303;Diawara Sankhoun;Diawara Sankhoun;D;D;58;58;58;0;Milan;1.2;;;;;;;;
304;Estupinan Pervis;Estupinan Pervis;D;D;75;75;75;0;Milan;1.2;;;;;;;;
305;Gabbia Matteo;Gabbia Matteo;D;D;91;91;91;0;Milan;1.2;;;;;;;;
306;Gila Mario;Gila Mario;D;D;92;92;92;0;Milan;1.2;;;;;;;;
307;Odogu David;Odogu David;D;D;59;59;59;0;Milan;1.2;;;;;;;;
308;Pavlovic Strahinja;Pavlovic Strahinja;D;D;97;97;97;0;Milan;1.2;;;;;;;;
309;Terracciano Filippo;Terracciano Filippo;D;D;77;77;77;0;Milan;1.2;;;;;;;;
310;Tomori Fikayo;Tomori Fikayo;D;D;88;88;88;0;Milan;1.2;;;;;;;;
311;Chukwueze Samuel;Chukwueze Samuel;C;C;83;83;83;0;Milan;7.1;;;;;;;;
312;Cissè Alphadjo;Cissè Alphadjo;C;C;66;66;66;0;Milan;7.1;;;;;;;;
313;Fofana Youssouf;Fofana Youssouf;C;C;94;94;94;0;Milan;7.1;;;;;;;;
314;Jashari Ardon;Jashari Ardon;C;C;75;75;75;0;Milan;7.1;;;;;;;;
315;Loftus-Cheek Ruben;Loftus-Cheek Ruben;C;C;75;75;75;0;Milan;7.1;;;;;;;;
316;Modric Luka;Modric Luka;C;C;76;76;76;0;Milan;7.1;;;;;;;;
317;Musah Yunus;Musah Yunus;C;C;74;74;74;0;Milan;7.1;;;;;;;;
318;Pulisic Christian;Pulisic Christian;C;C;96;96;96;0;Milan;7.1;;;;;;;;
319;Rabiot Adrien;Rabiot Adrien;C;C;97;97;97;0;Milan;7.1;;;;;;;;
320;Ricci Samuele;Ricci Samuele;C;C;93;93;93;0;Milan;7.1;;;;;;;;
321;Saelemaekers Alexis;Saelemaekers Alexis;C;C;93;93;93;0;Milan;7.1;;;;;;;;
322;Camarda Francesco;Camarda Francesco;A;A;65;65;65;0;Milan;29.9;;;;;;;;
323;Gimenez Santiago;Gimenez Santiago;A;A;78;78;78;0;Milan;29.9;;;;;;;;
324;Leao Rafael;Leao Rafael;A;A;94;94;94;0;Milan;29.9;;;;;;;;
325;Nkunku Christopher;Nkunku Christopher;A;A;98;98;98;0;Milan;29.9;;;;;;;;
326;Ramos Gonçalo;Ramos Gonçalo;A;A;79;79;79;0;Milan;29.9;;;;;;;;
327;Pizzignacco Semuel;Pizzignacco Semuel;P;P;37;37;37;0;Monza;1.9;;;;;;;;
328;Thiam Demba;Thiam Demba;P;P;55;55;55;0;Monza;1.9;;;;;;;;
329;Antov Valentin;Antov Valentin;D;D;47;47;47;0;Monza;1.0;;;;;;;;
330;Bakoune Adam;Bakoune Adam;D;D;53;53;53;0;Monza;1.0;;;;;;;;
331;Birindelli Samuele;Birindelli Samuele;D;D;62;62;62;0;Monza;1.0;;;;;;;;
332;Brorsson Arvid;Brorsson Arvid;D;D;46;46;46;0;Monza;1.0;;;;;;;;
333;Carboni Andrea;Carboni Andrea;D;D;56;56;56;0;Monza;1.0;;;;;;;;
334;Delli Carri Filippo;Delli Carri Filippo;D;D;49;49;49;0;Monza;1.0;;;;;;;;
335;Kouadio Eddy;Kouadio Eddy;D;D;57;57;57;0;Monza;1.0;;;;;;;;
336;Lucchesi Lorenzo;Lucchesi Lorenzo;D;D;60;60;60;0;Monza;1.0;;;;;;;;
337;Mangas Ricardo;Mangas Ricardo;D;D;63;63;63;0;Monza;1.0;;;;;;;;
338;Akinsanmiro Ebenezer;Akinsanmiro Ebenezer;C;C;68;68;68;0;Monza;5.7;;;;;;;;
339;Ciurria Patrick;Ciurria Patrick;C;C;61;61;61;0;Monza;5.7;;;;;;;;
340;Colombo Leonardo;Colombo Leonardo;C;C;61;61;61;0;Monza;5.7;;;;;;;;
341;Colpani Andrea;Colpani Andrea;C;C;81;81;81;0;Monza;5.7;;;;;;;;
342;Forson Omari;Forson Omari;C;C;52;52;52;0;Monza;5.7;;;;;;;;
343;Ondoa Foe;Ondoa Foe;C;C;50;50;50;0;Monza;5.7;;;;;;;;
344;Pessina Matteo;Pessina Matteo;C;C;75;75;75;0;Monza;5.7;;;;;;;;
345;Balde Keita;Balde Keita;A;A;61;61;61;0;Monza;24.0;;;;;;;;
346;Cutrone Patrick;Cutrone Patrick;A;A;77;77;77;0;Monza;24.0;;;;;;;;
347;Galazzi Nicolas;Galazzi Nicolas;A;A;61;61;61;0;Monza;24.0;;;;;;;;
348;Mota Carvalho Dany;Mota Carvalho Dany;A;A;72;72;72;0;Monza;24.0;;;;;;;;
349;Petagna Andrea;Petagna Andrea;A;A;61;61;61;0;Monza;24.0;;;;;;;;
350;Robinson Jay;Robinson Jay;A;A;60;60;60;0;Monza;24.0;;;;;;;;
351;Varela Gustavo;Varela Gustavo;A;A;61;61;61;0;Monza;24.0;;;;;;;;
352;Contini Nikita;Contini Nikita;P;P;48;48;48;0;Napoli;2.3;;;;;;;;
353;Meret Alex;Meret Alex;P;P;89;89;89;0;Napoli;2.3;;;;;;;;
354;Milinkovic Savic Vanja;Milinkovic Savic Vanja;P;P;96;96;96;0;Napoli;2.3;;;;;;;;
355;Beukema Sam;Beukema Sam;D;D;91;91;91;0;Napoli;1.2;;;;;;;;
356;Buongiorno Alessandro;Buongiorno Alessandro;D;D;98;98;98;0;Napoli;1.2;;;;;;;;
357;Di Lorenzo Giovanni;Di Lorenzo Giovanni;D;D;89;89;89;0;Napoli;1.2;;;;;;;;
358;Marianucci Luca;Marianucci Luca;D;D;70;70;70;0;Napoli;1.2;;;;;;;;
359;Marin Rafa;Marin Rafa;D;D;65;65;65;0;Napoli;1.2;;;;;;;;
360;Mazzocchi Pasquale;Mazzocchi Pasquale;D;D;74;74;74;0;Napoli;1.2;;;;;;;;
361;Olivera Mathias;Olivera Mathias;D;D;91;91;91;0;Napoli;1.2;;;;;;;;
362;Rrahmani Amir;Rrahmani Amir;D;D;87;87;87;0;Napoli;1.2;;;;;;;;
363;Spinazzola Leonardo;Spinazzola Leonardo;D;D;80;80;80;0;Napoli;1.2;;;;;;;;
364;Anguissa Andrè Frank Zambo;Anguissa Andrè Frank Zambo;C;C;80;80;80;0;Napoli;7.1;;;;;;;;
365;De Bruyne Kevin;De Bruyne Kevin;C;C;91;91;91;0;Napoli;7.1;;;;;;;;
366;Gilmour Billy;Gilmour Billy;C;C;82;82;82;0;Napoli;7.1;;;;;;;;
367;Lobotka Stanislav;Lobotka Stanislav;C;C;92;92;92;0;Napoli;7.1;;;;;;;;
368;Mctominay Scott;Mctominay Scott;C;C;96;96;96;0;Napoli;7.1;;;;;;;;
369;Neres David;Neres David;C;C;78;78;78;0;Napoli;7.1;;;;;;;;
370;Politano Matteo;Politano Matteo;C;C;90;90;90;0;Napoli;7.1;;;;;;;;
371;Vergara Antonio;Vergara Antonio;C;C;81;81;81;0;Napoli;7.1;;;;;;;;
372;Giovane Santana Do Nascimento;Giovane Santana Do Nascimento;A;A;81;81;81;0;Napoli;29.9;;;;;;;;
373;Hojlund Rasmus;Hojlund Rasmus;A;A;95;95;95;0;Napoli;29.9;;;;;;;;
374;Lang Noa Noell;Lang Noa Noell;A;A;81;81;81;0;Napoli;29.9;;;;;;;;
375;Lucca Lorenzo;Lucca Lorenzo;A;A;78;78;78;0;Napoli;29.9;;;;;;;;
376;Santos Alisson;Santos Alisson;A;A;86;86;86;0;Napoli;29.9;;;;;;;;
377;Corvi Edoardo;Corvi Edoardo;P;P;56;56;56;0;Parma;1.9;;;;;;;;
378;Daffara Giovanni;Daffara Giovanni;P;P;55;55;55;0;Parma;1.9;;;;;;;;
379;Suzuki Zion;Suzuki Zion;P;P;92;92;92;0;Parma;1.9;;;;;;;;
380;Balogh Botond;Balogh Botond;D;D;53;53;53;0;Parma;1.0;;;;;;;;
381;Britschgi Sascha;Britschgi Sascha;D;D;66;66;66;0;Parma;1.0;;;;;;;;
382;Carboni Franco;Carboni Franco;D;D;49;49;49;0;Parma;1.0;;;;;;;;
383;Circati Alessandro;Circati Alessandro;D;D;78;78;78;0;Parma;1.0;;;;;;;;
384;Delprato Enrico;Delprato Enrico;D;D;81;81;81;0;Parma;1.0;;;;;;;;
385;Ndiaye Abdoulaye;Ndiaye Abdoulaye;D;D;57;57;57;0;Parma;1.0;;;;;;;;
386;Troilo Mariano;Troilo Mariano;D;D;69;69;69;0;Parma;1.0;;;;;;;;
387;Valenti Lautaro;Valenti Lautaro;D;D;60;60;60;0;Parma;1.0;;;;;;;;
388;Valeri Emanuele;Valeri Emanuele;D;D;79;79;79;0;Parma;1.0;;;;;;;;
389;Bernabe Adrian;Bernabe Adrian;C;C;86;86;86;0;Parma;5.7;;;;;;;;
390;Cremaschi Benja;Cremaschi Benja;C;C;61;61;61;0;Parma;5.7;;;;;;;;
391;Keita Mandela;Keita Mandela;C;C;89;89;89;0;Parma;5.7;;;;;;;;
392;Konate Abdou-Salam;Konate Abdou-Salam;C;C;47;47;47;0;Parma;5.7;;;;;;;;
393;Nicolussi Caviglia Hans;Nicolussi Caviglia Hans;C;C;75;75;75;0;Parma;5.7;;;;;;;;
394;Ordonez Christian Nahuel;Ordonez Christian Nahuel;C;C;65;65;65;0;Parma;5.7;;;;;;;;
395;Sorensen Jensen Olivier;Sorensen Jensen Olivier;C;C;71;71;71;0;Parma;5.7;;;;;;;;
396;Almqvist Pontus;Almqvist Pontus;A;A;63;63;63;0;Parma;24.0;;;;;;;;
397;Diallo Ousmane;Diallo Ousmane;A;A;56;56;56;0;Parma;24.0;;;;;;;;
398;Elphege Nesta;Elphege Nesta;A;A;61;61;61;0;Parma;24.0;;;;;;;;
399;Frigan Matija;Frigan Matija;A;A;78;78;78;0;Parma;24.0;;;;;;;;
400;Joujou Antoine;Joujou Antoine;A;A;61;61;61;0;Parma;24.0;;;;;;;;
401;Lontani Simone;Lontani Simone;A;A;52;52;52;0;Parma;24.0;;;;;;;;
402;Romero David;Romero David;A;A;57;57;57;0;Parma;24.0;;;;;;;;
403;Toure El Bilal;Toure El Bilal;A;A;77;77;77;0;Parma;24.0;;;;;;;;
404;Gollini Pierluigi;Gollini Pierluigi;P;P;52;52;52;0;Roma;2.3;;;;;;;;
405;Svilar Mile;Svilar Mile;P;P;93;93;93;0;Roma;2.3;;;;;;;;
406;Vasquez Devis;Vasquez Devis;P;P;64;64;64;0;Roma;2.3;;;;;;;;
407;Ghilardi Daniele;Ghilardi Daniele;D;D;85;85;85;0;Roma;1.2;;;;;;;;
408;Hermoso Mario;Hermoso Mario;D;D;80;80;80;0;Roma;1.2;;;;;;;;
409;Koulierakis Konstantinos;Koulierakis Konstantinos;D;D;78;78;78;0;Roma;1.2;;;;;;;;
410;Lima Wesley;Lima Wesley;D;D;96;96;96;0;Roma;1.2;;;;;;;;
411;Mancini Gianluca;Mancini Gianluca;D;D;95;95;95;0;Roma;1.2;;;;;;;;
412;Molina Nahuel;Molina Nahuel;D;D;74;74;74;0;Roma;1.2;;;;;;;;
413;Ndicka Evan;Ndicka Evan;D;D;97;97;97;0;Roma;1.2;;;;;;;;
414;Rensch Devyne;Rensch Devyne;D;D;80;80;80;0;Roma;1.2;;;;;;;;
415;Ziolkowski Jan;Ziolkowski Jan;D;D;57;57;57;0;Roma;1.2;;;;;;;;
416;Cristante Bryan;Cristante Bryan;C;C;94;94;94;0;Roma;7.1;;;;;;;;
417;El  Aynaoui Neil;El  Aynaoui Neil;C;C;93;93;93;0;Roma;7.1;;;;;;;;
418;Kone Manu;Kone Manu;C;C;95;95;95;0;Roma;7.1;;;;;;;;
419;Pellegrini Lorenzo;Pellegrini Lorenzo;C;C;83;83;83;0;Roma;7.1;;;;;;;;
420;Pisilli Niccolo;Pisilli Niccolo;C;C;94;94;94;0;Roma;7.1;;;;;;;;
421;Castro Santiago;Castro Santiago;A;A;93;93;93;0;Roma;29.9;;;;;;;;
422;Dybala Paulo;Dybala Paulo;A;A;91;91;91;0;Roma;29.9;;;;;;;;
423;Malen Donyell;Malen Donyell;A;A;96;96;96;0;Roma;29.9;;;;;;;;
424;Soule' Matias;Soule' Matias;A;A;97;97;97;0;Roma;29.9;;;;;;;;
425;Vaz Robinio;Vaz Robinio;A;A;67;67;67;0;Roma;29.9;;;;;;;;
426;Muric Arijanet;Muric Arijanet;P;P;72;72;72;0;Sassuolo;1.9;;;;;;;;
427;Turati Stefano;Turati Stefano;P;P;68;68;68;0;Sassuolo;1.9;;;;;;;;
428;Candè Fali;Candè Fali;D;D;53;53;53;0;Sassuolo;1.0;;;;;;;;
429;Doig Josh;Doig Josh;D;D;65;65;65;0;Sassuolo;1.0;;;;;;;;
430;Idzes Jay;Idzes Jay;D;D;83;83;83;0;Sassuolo;1.0;;;;;;;;
431;Missori Filippo;Missori Filippo;D;D;50;50;50;0;Sassuolo;1.0;;;;;;;;
432;Odenthal Cas;Odenthal Cas;D;D;54;54;54;0;Sassuolo;1.0;;;;;;;;
433;Paz Yeferson;Paz Yeferson;D;D;59;59;59;0;Sassuolo;1.0;;;;;;;;
434;Pieragnolo Edoardo;Pieragnolo Edoardo;D;D;64;64;64;0;Sassuolo;1.0;;;;;;;;
435;Walukiewicz Sebastian;Walukiewicz Sebastian;D;D;77;77;77;0;Sassuolo;1.0;;;;;;;;
436;Adzic Vasilije;Adzic Vasilije;C;C;58;58;58;0;Sassuolo;5.7;;;;;;;;
437;Bakola Darryl;Bakola Darryl;C;C;66;66;66;0;Sassuolo;5.7;;;;;;;;
438;Boloca Daniel;Boloca Daniel;C;C;60;60;60;0;Sassuolo;5.7;;;;;;;;
439;Iannoni Edoardo;Iannoni Edoardo;C;C;52;52;52;0;Sassuolo;5.7;;;;;;;;
440;Konè Ismael;Konè Ismael;C;C;89;89;89;0;Sassuolo;5.7;;;;;;;;
441;Lipani Luca;Lipani Luca;C;C;63;63;63;0;Sassuolo;5.7;;;;;;;;
442;Matic Nemanja;Matic Nemanja;C;C;64;64;64;0;Sassuolo;5.7;;;;;;;;
443;Thorstvedt Kristian;Thorstvedt Kristian;C;C;86;86;86;0;Sassuolo;5.7;;;;;;;;
444;Volpato Cristian;Volpato Cristian;C;C;71;71;71;0;Sassuolo;5.7;;;;;;;;
445;Berardi Domenico;Berardi Domenico;A;A;76;76;76;0;Sassuolo;24.0;;;;;;;;
446;Bowie Kieron;Bowie Kieron;A;A;71;71;71;0;Sassuolo;24.0;;;;;;;;
447;Ciervo Riccardo;Ciervo Riccardo;A;A;60;60;60;0;Sassuolo;24.0;;;;;;;;
448;Dominguez Benja;Dominguez Benja;A;A;54;54;54;0;Sassuolo;24.0;;;;;;;;
449;Lauriente' Armand;Lauriente' Armand;A;A;87;87;87;0;Sassuolo;24.0;;;;;;;;
450;Moro Luca;Moro Luca;A;A;59;59;59;0;Sassuolo;24.0;;;;;;;;
451;Pierini Nicholas;Pierini Nicholas;A;A;64;64;64;0;Sassuolo;24.0;;;;;;;;
452;Pinamonti Andrea;Pinamonti Andrea;A;A;88;88;88;0;Sassuolo;24.0;;;;;;;;
453;Skjellerup Laurs;Skjellerup Laurs;A;A;56;56;56;0;Sassuolo;24.0;;;;;;;;
455;Consigli Fanta;Consigli Fanta;P;P;38;38;38;0;SerieA;1.9;;;;;;;;
457;Fantacats;Fantacats;P;P;1;1;1;0;SerieA;1.9;;;;;;;;
464;Israel Wibmer Franco;Israel Wibmer Franco;P;P;50;50;50;0;Torino;1.9;;;;;;;;
465;Mascardi Diego;Mascardi Diego;P;P;42;42;42;0;Torino;1.9;;;;;;;;
466;Paleari Alberto;Paleari Alberto;P;P;64;64;64;0;Torino;1.9;;;;;;;;
467;Biraghi Cristiano;Biraghi Cristiano;D;D;61;61;61;0;Torino;1.0;;;;;;;;
468;Coco Saul;Coco Saul;D;D;81;81;81;0;Torino;1.0;;;;;;;;
469;Comert Eray;Comert Eray;D;D;59;59;59;0;Torino;1.0;;;;;;;;
470;Comuzzo Pietro;Comuzzo Pietro;D;D;68;68;68;0;Torino;1.0;;;;;;;;
471;Dembelé Ali;Dembelé Ali;D;D;56;56;56;0;Torino;1.0;;;;;;;;
472;Ismajli Ardian;Ismajli Ardian;D;D;68;68;68;0;Torino;1.0;;;;;;;;
473;Pedersen Marcus;Pedersen Marcus;D;D;87;87;87;0;Torino;1.0;;;;;;;;
474;Anjorin Tino;Anjorin Tino;C;C;60;60;60;0;Torino;5.7;;;;;;;;
475;Cacciamani Alessio;Cacciamani Alessio;C;C;71;71;71;0;Torino;5.7;;;;;;;;
476;Casadei Cesare;Casadei Cesare;C;C;84;84;84;0;Torino;5.7;;;;;;;;
477;Fitz-Jim Kian;Fitz-Jim Kian;C;C;61;61;61;0;Torino;5.7;;;;;;;;
478;Gineitis Gvidas;Gineitis Gvidas;C;C;68;68;68;0;Torino;5.7;;;;;;;;
479;Ilic Ivan;Ilic Ivan;C;C;61;61;61;0;Torino;5.7;;;;;;;;
480;Ilkhan Emirhan;Ilkhan Emirhan;C;C;68;68;68;0;Torino;5.7;;;;;;;;
481;Oristanio Gaetano;Oristanio Gaetano;C;C;81;81;81;0;Torino;5.7;;;;;;;;
482;Vlasic Nikola;Vlasic Nikola;C;C;96;96;96;0;Torino;5.7;;;;;;;;
483;Aboukhlal Zakaria;Aboukhlal Zakaria;A;A;75;75;75;0;Torino;24.0;;;;;;;;
484;Adams Chè;Adams Chè;A;A;78;78;78;0;Torino;24.0;;;;;;;;
485;Kulenovic Sandro;Kulenovic Sandro;A;A;56;56;56;0;Torino;24.0;;;;;;;;
486;Njie Alieu;Njie Alieu;A;A;62;62;62;0;Torino;24.0;;;;;;;;
487;Pellegri Pietro;Pellegri Pietro;A;A;61;61;61;0;Torino;24.0;;;;;;;;
488;Simeone Giovanni;Simeone Giovanni;A;A;89;89;89;0;Torino;24.0;;;;;;;;
489;Zapata Duvan;Zapata Duvan;A;A;68;68;68;0;Torino;24.0;;;;;;;;
490;Okoye Maduka;Okoye Maduka;P;P;88;88;88;0;Udinese;1.9;;;;;;;;
491;Padelli Daniele;Padelli Daniele;P;P;27;27;27;0;Udinese;1.9;;;;;;;;
492;Piana Edoardo;Piana Edoardo;P;P;43;43;43;0;Udinese;1.9;;;;;;;;
493;Abankwah James;Abankwah James;D;D;58;58;58;0;Udinese;1.0;;;;;;;;
494;Arizala Juan;Arizala Juan;D;D;65;65;65;0;Udinese;1.0;;;;;;;;
495;Bertola Nicolo;Bertola Nicolo;D;D;62;62;62;0;Udinese;1.0;;;;;;;;
496;Goglichidze Saba;Goglichidze Saba;D;D;55;55;55;0;Udinese;1.0;;;;;;;;
497;Kabasele Christian;Kabasele Christian;D;D;63;63;63;0;Udinese;1.0;;;;;;;;
498;Kamara Hassane;Kamara Hassane;D;D;73;73;73;0;Udinese;1.0;;;;;;;;
499;Mlacic Branimir;Mlacic Branimir;D;D;61;61;61;0;Udinese;1.0;;;;;;;;
500;Modesto Rui;Modesto Rui;D;D;56;56;56;0;Udinese;1.0;;;;;;;;
501;Palma Matteo;Palma Matteo;D;D;47;47;47;0;Udinese;1.0;;;;;;;;
502;Solet Oumar;Solet Oumar;D;D;91;91;91;0;Udinese;1.0;;;;;;;;
503;Vojvoda Mergim;Vojvoda Mergim;D;D;67;67;67;0;Udinese;1.0;;;;;;;;
504;Zanoli Alessandro;Zanoli Alessandro;D;D;64;64;64;0;Udinese;1.0;;;;;;;;
505;Chakvetadze  Giorgi;Chakvetadze  Giorgi;C;C;61;61;61;0;Udinese;5.7;;;;;;;;
506;Ekkelenkamp Jurgen Peter;Ekkelenkamp Jurgen Peter;C;C;84;84;84;0;Udinese;5.7;;;;;;;;
507;Gomez Unai;Gomez Unai;C;C;64;64;64;0;Udinese;5.7;;;;;;;;
508;Karlstrom Jesper;Karlstrom Jesper;C;C;73;73;73;0;Udinese;5.7;;;;;;;;
509;Lovric Sandi;Lovric Sandi;C;C;76;76;76;0;Udinese;5.7;;;;;;;;
510;Miller Lennon Lee;Miller Lennon Lee;C;C;64;64;64;0;Udinese;5.7;;;;;;;;
511;Piotrowski Jakub;Piotrowski Jakub;C;C;70;70;70;0;Udinese;5.7;;;;;;;;
512;Zaniolo Nicolo';Zaniolo Nicolo';C;C;94;94;94;0;Udinese;5.7;;;;;;;;
513;Zarraga Oier;Zarraga Oier;C;C;56;56;56;0;Udinese;5.7;;;;;;;;
514;Bayo Vakoun;Bayo Vakoun;A;A;53;53;53;0;Udinese;24.0;;;;;;;;
515;Buksa Adam;Buksa Adam;A;A;64;64;64;0;Udinese;24.0;;;;;;;;
516;Davis Keinan;Davis Keinan;A;A;84;84;84;0;Udinese;24.0;;;;;;;;
517;Gueye Idrissa;Gueye Idrissa;A;A;60;60;60;0;Udinese;24.0;;;;;;;;
518;Grandi Matteo;Grandi Matteo;P;P;34;34;34;0;Venezia;1.9;;;;;;;;
519;Pozzi Alessio;Pozzi Alessio;P;P;42;42;42;0;Venezia;1.9;;;;;;;;
520;Stankovic Filip;Stankovic Filip;P;P;60;60;60;0;Venezia;1.9;;;;;;;;
521;Bella-Kotchap Armel;Bella-Kotchap Armel;D;D;52;52;52;0;Venezia;1.0;;;;;;;;
522;Correia Thierry;Correia Thierry;D;D;54;54;54;0;Venezia;1.0;;;;;;;;
523;Franjic Bartol;Franjic Bartol;D;D;46;46;46;0;Venezia;1.0;;;;;;;;
524;Hainaut Antoine;Hainaut Antoine;D;D;58;58;58;0;Venezia;1.0;;;;;;;;
525;Halhal Redouane;Halhal Redouane;D;D;64;64;64;0;Venezia;1.0;;;;;;;;
526;Haps Ridgeciano;Haps Ridgeciano;D;D;54;54;54;0;Venezia;1.0;;;;;;;;
527;Ligue Junior;Ligue Junior;D;D;52;52;52;0;Venezia;1.0;;;;;;;;
528;Moreno Matias;Moreno Matias;D;D;46;46;46;0;Venezia;1.0;;;;;;;;
529;Sagrado Richie;Sagrado Richie;D;D;50;50;50;0;Venezia;1.0;;;;;;;;
530;Schingtienne Joel;Schingtienne Joel;D;D;53;53;53;0;Venezia;1.0;;;;;;;;
531;Sverko Marin;Sverko Marin;D;D;52;52;52;0;Venezia;1.0;;;;;;;;
532;Basic Toma;Basic Toma;C;C;64;64;64;0;Venezia;5.7;;;;;;;;
533;Bohinen Emil;Bohinen Emil;C;C;53;53;53;0;Venezia;5.7;;;;;;;;
534;Busio Gianluca;Busio Gianluca;C;C;72;72;72;0;Venezia;5.7;;;;;;;;
535;Dagasso Matteo;Dagasso Matteo;C;C;59;59;59;0;Venezia;5.7;;;;;;;;
536;Duncan Alfred;Duncan Alfred;C;C;58;58;58;0;Venezia;5.7;;;;;;;;
537;El Haddad Saad;El Haddad Saad;C;C;55;55;55;0;Venezia;5.7;;;;;;;;
538;Fanne Lamine;Fanne Lamine;C;C;51;51;51;0;Venezia;5.7;;;;;;;;
539;Helgason Thorir J.;Helgason Thorir J.;C;C;53;53;53;0;Venezia;5.7;;;;;;;;
540;Lella Nunzio;Lella Nunzio;C;C;59;59;59;0;Venezia;5.7;;;;;;;;
541;Perez Kike;Perez Kike;C;C;55;55;55;0;Venezia;5.7;;;;;;;;
542;Sohm Simon;Sohm Simon;C;C;69;69;69;0;Venezia;5.7;;;;;;;;
543;Yeboah John;Yeboah John;C;C;64;64;64;0;Venezia;5.7;;;;;;;;
544;Adams Akor;Adams Akor;A;A;80;80;80;0;Venezia;24.0;;;;;;;;
545;Adorante Andrea;Adorante Andrea;A;A;66;66;66;0;Venezia;24.0;;;;;;;;
546;Lauberbach Lion;Lauberbach Lion;A;A;61;61;61;0;Venezia;24.0;;;;;;;;
547;Rrahmani Albion;Rrahmani Albion;A;A;72;72;72;0;Venezia;24.0;;;;;;;;
