Id;Nome_Breve;Nome;R;Ruolo_Esteso;Qt.A;Qt.I;Qt.M;Diff.M;Squadra;FVM;FVM.M;Piede;Nazionalita;DataNascita;PhotoURL;Extra1;Extra2;Extra3;Pv;Mv;Fm;Gf;Ass;Amm;Esp
4431;Carnesecchi;Carnesecchi;P;Por;18;14;16;16;Atalanta;105.2;52;destro;Italia;01/07/2000 00:00:00;https://content.fantacalcio.it/web/campioncini/21/card/4431.png?v=647;;;;37;6.36;5.58;0;0;0;0
2170;Milinkovic-Savic V.;Milinkovic-Savic V.;P;Por;17;4;5;5;Napoli;101.2;10;destro;"Serbia;Spagna";20/02/1997 00:00:00;https://content.fantacalcio.it/web/campioncini/21/card/2170.png?v=647;;;;27;6.2;5.65;0;0;0;0
5841;Svilar;Svilar;P;Por;17;15;18;18;Roma;97.2;65;destro;"Serbia;Belgio";27/08/1999 00:00:00;https://content.fantacalcio.it/web/campioncini/21/card/5841.png?v=647;;;;38;6.26;5.45;0;0;0;0
6966;Butez;Butez;P;Por;16;10;16;16;Como;90.5;56;destro;Francia;08/06/1995 00:00:00;https://content.fantacalcio.it/web/campioncini/21/card/6966.png?v=647;;;;38;6.07;5.37;0;1;3;0
4312;Maignan;Maignan;P;Por;16;16;15;15;Milan;91.3;50;destro;"Francia;Guyana Francese";03/07/1995 00:00:00;https://content.fantacalcio.it/web/campioncini/21/card/4312.png?v=647;;;;37;6.26;5.42;0;0;4;0
5876;Di Gregorio;Di Gregorio;P;Por;15;16;9;9;Juventus;89.8;40;destro;Italia;27/07/1997 00:00:00;https://content.fantacalcio.it/web/campioncini/21/card/5876.png?v=647;;;;30;6.08;5.33;0;0;1;0
2134;Falcone;Falcone;P;Por;15;6;8;8;Lecce;69.0;25;destro;Italia;12/04/1995 00:00:00;https://content.fantacalcio.it/web/campioncini/21/card/2134.png?v=647;;;;38;6.41;5.22;0;0;2;0
6462;Okoye;Okoye;P;Por;14;6;9;9;Udinese;63.3;29;destro;"Nigeria;Germania";28/08/1999 00:00:00;https://content.fantacalcio.it/web/campioncini/21/card/6462.png?v=647;;;;30;6.07;5.08;0;1;1;1
2428;Sommer;Sommer;P;Por;13;16;;;Inter;86.5;;;;;;;;;33;5.92;5.02;0;0;0;0
4360;Caprile;Caprile;P;Por;12;7;9;9;Cagliari;54.0;27;destro;Italia;25/08/2001 00:00:00;https://content.fantacalcio.it/web/campioncini/21/card/4360.png?v=647;;;;38;6.29;4.87;0;0;2;0
761;Audero;Audero;P;Por;12;5;;;Cremonese;54.0;;;;;;;;;34;6.21;4.91;0;0;0;0
2521;De Gea;De Gea;P;Por;12;14;13;13;Fiorentina;75.6;45;destro;Spagna;07/11/1990 00:00:00;https://content.fantacalcio.it/web/campioncini/21/card/2521.png?v=647;;;;37;6.24;5.0;0;0;0;0
4957;Montipò;Montipò;P;Por;12;5;;;Verona;54.0;;;;;;;;;35;6.2;4.94;0;1;0;0
133;Skorupski;Skorupski;P;Por;11;10;10;10;Bologna;62.1;37;destro;Polonia;05/05/1991 00:00:00;https://content.fantacalcio.it/web/campioncini/21/card/133.png?v=647;;;;18;6.19;5.28;0;0;1;1
2814;Provedel;Provedel;P;Por;11;12;2;2;Lazio;68.5;5;destro;Italia;17/03/1994 00:00:00;https://content.fantacalcio.it/web/campioncini/21/card/2814.png?v=647;;;;27;6.26;5.35;0;0;1;0
6641;Suzuki;Suzuki;P;Por;11;7;7;7;Parma;49.5;20;destro;Giappone;21/08/2002 00:00:00;https://content.fantacalcio.it/web/campioncini/21/card/6641.png?v=647;;;;20;6.02;4.75;0;0;1;0
4236;Muric;Muric;P;Por;10;3;7;7;Sassuolo;45.0;15;destro;"Kosovo;Montenegro";07/11/1998 00:00:00;https://content.fantacalcio.it/web/campioncini/21/card/4236.png?v=647;;;;32;6.08;4.77;0;0;4;0
7332;Bijlow;Bijlow;P;Por;10;10;8;8;Genoa;45.0;18;destro;Olanda;22/01/1998 00:00:00;https://content.fantacalcio.it/web/campioncini/21/card/7332.png?v=647;;;;16;6.06;4.78;0;0;1;0
188;Leali;Leali;P;Por;9;8;;;Genoa;40.5;;;;;;;;;22;6.16;4.84;0;0;2;1
6662;Corvi;Corvi;P;Por;9;1;1;1;Parma;40.9;1;destro;Italia;23/03/2001 00:00:00;https://content.fantacalcio.it/web/campioncini/21/card/6662.png?v=647;;;;17;6.18;5.09;0;0;1;0
5320;Paleari;Paleari;P;Por;9;1;1;1;Torino;40.5;1;destro;Italia;29/08/1992 00:00:00;https://content.fantacalcio.it/web/campioncini/21/card/5320.png?v=647;;;;29;6.09;4.52;0;0;1;0
218;Perin;Perin;P;Por;8;1;6;6;Juventus;43.9;10;destro;Italia;10/11/1992 00:00:00;https://content.fantacalcio.it/web/campioncini/21/card/218.png?v=647;;;;9;6.11;5.11;0;0;0;0
572;Meret;Meret;P;Por;8;16;11;11;Napoli;87.8;45;sinistro;Italia;22/03/1997 00:00:00;https://content.fantacalcio.it/web/campioncini/21/card/572.png?v=647;;;;11;6.23;5.18;0;1;1;0
4867;Turati;Turati;P;Por;8;7;1;1;Sassuolo;36.0;3;destro;Italia;05/09/2001 00:00:00;https://content.fantacalcio.it/web/campioncini/21/card/4867.png?v=647;;;;6;6.17;5.0;0;0;0;0
2861;Semper;Semper;P;Por;7;3;;;Pisa;31.5;;;;;;;;;25;6.06;4.38;0;0;0;0
7172;Pessina Mas.;Pessina Mas.;P;Por;6;1;1;1;Bologna;34.3;1;destro;Bologna;25/12/2007 00:00:00;https://content.fantacalcio.it/web/campioncini/21/card/7172.png?v=647;;;;4;6.12;5.62;0;0;0;0
5116;Martinez Jo.;Martinez Jo.;P;Por;5;2;17;17;Inter;23.8;63;destro;Spagna;27/05/1998 00:00:00;https://content.fantacalcio.it/web/campioncini/21/card/5116.png?v=647;;;;5;6.0;5.2;0;0;0;0
7337;Motta;Motta;P;Por;5;1;1;1;Lazio;23.6;1;destro;Italia;13/01/2005 00:00:00;https://content.fantacalcio.it/web/campioncini/21/card/7337.png?v=647;;;;9;6.0;5.17;0;0;1;0
2722;Ravaglia F.;Ravaglia F.;P;Por;4;3;;;Bologna;18.0;;;;;;;;;17;6.21;4.38;0;0;4;0
6417;Furlanetto;Furlanetto;P;Por;3;1;;;Lazio;13.5;;;;;;;;;2;6.5;5.0;0;0;0;0
6403;Christensen O.;Christensen O.;P;Por;2;1;1;1;Fiorentina;36.6;1;destro;Danimarca;22/03/1999 00:00:00;https://content.fantacalcio.it/web/campioncini/21/card/6403.png?v=647;;;;1;7.5;6.5;0;0;0;0
2297;Rossi F.;Rossi F.;P;Por;1;1;1;1;Atalanta;1.0;1;destro;Italia;27/04/1991 00:00:00;https://content.fantacalcio.it/web/campioncini/21/card/2297.png?v=647;;;;0;0.0;0.0;0;0;0;0
4;Sportiello;Sportiello;P;Por;1;1;1;1;Atalanta;4.5;1;destro;Italia;10/05/1992 00:00:00;https://content.fantacalcio.it/web/campioncini/21/card/4.png?v=647;;;;1;5.5;4.5;0;0;0;0
4929;Ciocci;Ciocci;P;Por;1;1;1;1;Cagliari;1.0;1;destro;Italia;24/01/2002 00:00:00;https://content.fantacalcio.it/web/campioncini/21/card/4929.png?v=647;;;;0;0.0;0.0;0;0;0;0
2809;Vigorito;Vigorito;P;Por;1;1;1;1;Como;1.0;1;destro;Italia;22/05/1990 00:00:00;https://content.fantacalcio.it/web/campioncini/21/card/2809.png?v=647;;;;0;0.0;0.0;0;0;0;0
6505;Nava;Nava;P;Por;1;1;;;Cremonese;1.0;;;;;;;;;0;0.0;0.0;0;0;0;0
6991;Siegrist;Siegrist;P;Por;1;1;;;Genoa;1.0;;;;;;;;;0;0.0;0.0;0;0;0;0
219;Sommariva;Sommariva;P;Por;1;1;1;1;Genoa;4.5;1;destro;Italia;18/07/1997 00:00:00;https://content.fantacalcio.it/web/campioncini/21/card/219.png?v=647;;;;2;5.75;3.75;0;0;0;0
1926;Di Gennaro;Di Gennaro;P;Por;1;1;1;1;Inter;4.5;1;destro;Italia;03/10/1993 00:00:00;https://content.fantacalcio.it/web/campioncini/21/card/1926.png?v=647;;;;1;6.0;5.0;0;0;0;0
1930;Pinsoglio;Pinsoglio;P;Por;1;1;1;1;Juventus;1.0;1;sinistro;Italia;16/03/1990 00:00:00;https://content.fantacalcio.it/web/campioncini/21/card/1930.png?v=647;;;;0;0.0;0.0;0;0;0;0
2401;Fruchtl;Fruchtl;P;Por;1;1;1;1;Lecce;1.0;1;sinistro;Germania;28/01/2000 00:00:00;https://content.fantacalcio.it/web/campioncini/21/card/2401.png?v=647;;;;0;0.0;0.0;0;0;0;0
6523;Samooja;Samooja;P;Por;1;1;1;1;Lecce;1.0;1;destro;Finlandia;21/07/2003 00:00:00;https://content.fantacalcio.it/web/campioncini/21/card/6523.png?v=647;;;;0;0.0;0.0;0;0;0;0
2815;Terracciano;Terracciano;P;Por;1;1;1;1;Milan;19.5;1;destro;Italia;08/03/1990 00:00:00;https://content.fantacalcio.it/web/campioncini/21/card/2815.png?v=647;;;;2;6.0;6.0;0;0;0;0
6813;Torriani;Torriani;P;Por;1;1;1;1;Milan;1.0;1;destro;Italia;31/01/2005 00:00:00;https://content.fantacalcio.it/web/campioncini/21/card/6813.png?v=647;;;;0;0.0;0.0;0;0;0;0
2845;Contini;Contini;P;Por;1;1;1;1;Napoli;1.0;1;destro;"Italia;Ucraina";21/05/1996 00:00:00;https://content.fantacalcio.it/web/campioncini/21/card/2845.png?v=647;;;;0;0.0;0.0;0;0;0;0
5338;Rinaldi;Rinaldi;P;Por;1;1;;;Parma;32.1;;;;;;;;;1;7.0;6.5;0;0;1;0
2271;Nicolas;Nicolas;P;Por;1;1;;;Pisa;4.5;;;;;;;;;6;5.92;3.58;0;0;0;0
574;Scuffet;Scuffet;P;Por;1;3;;;Pisa;13.5;;;;;;;;;7;6.21;4.07;0;0;0;0
7169;Zelezny;Zelezny;P;Por;1;1;;;Roma;1.0;;;;;;;;;0;0.0;0.0;0;0;0;0
610;Gollini;Gollini;P;Por;1;1;1;1;Roma;1.0;1;destro;Italia;18/03/1995 00:00:00;https://content.fantacalcio.it/web/campioncini/21/card/610.png?v=647;;;;0;0.0;0.0;0;0;0;0
2127;Satalino;Satalino;P;Por;1;1;1;1;Sassuolo;1.0;1;destro;Italia;20/05/1999 00:00:00;https://content.fantacalcio.it/web/campioncini/21/card/2127.png?v=647;;;;0;0.0;0.0;0;0;0;0
7179;Israel;Israel;P;Por;1;9;;;Torino;40.5;;;;;;;;;9;5.89;3.83;0;0;1;0
543;Padelli;Padelli;P;Por;1;1;1;1;Udinese;6.4;1;destro;Italia;25/10/1985 00:00:00;https://content.fantacalcio.it/web/campioncini/21/card/543.png?v=647;;;;2;6.25;5.25;0;0;0;0
6842;Sava;Sava;P;Por;1;4;;;Udinese;18.0;;;;;;;;;7;5.57;3.5;0;0;1;0
511;Perilli;Perilli;P;Por;1;1;;;Verona;4.5;;;;;;;;;3;6.17;3.83;0;0;0;0
7185;Nunziante;Nunziante;P;Por;1;1;;;Udinese;1.0;;;;;;;;;0;0.0;0.0;0;0;0;0
158;Lezzerini;Lezzerini;P;Por;1;1;1;1;Fiorentina;1.0;1;destro;Italia;24/03/1995 00:00:00;https://content.fantacalcio.it/web/campioncini/21/card/158.png?v=647;;;;0;0.0;0.0;0;0;0;0
2211;Silvestri;Silvestri;P;Por;1;1;;;Cremonese;4.5;;;;;;;;;4;6.38;4.62;0;0;0;0
7236;Toniolo;Toniolo;P;Por;1;1;;;Verona;1.0;;;;;;;;;0;0.0;0.0;0;0;0;0
7261;Cavlina;Cavlina;P;Por;1;1;;;Como;1.0;;;;;;;;;0;0.0;0.0;0;0;0;0
7285;Ferrante;Ferrante;P;Por;1;1;;;Napoli;1.0;;;;;;;;;0;0.0;0.0;0;0;0;0
7042;Calligaris;Calligaris;P;Por;1;1;;;Inter;1.0;;;;;;;;;0;0.0;0.0;0;0;0;0
7301;Tornqvist;Tornqvist;P;Por;1;1;1;1;Como;1.0;1;sinistro;Svezia;01/02/2002 00:00:00;https://content.fantacalcio.it/web/campioncini/21/card/7301.png?v=647;;;;0;0.0;0.0;0;0;0;0
6650;Sherri;Sherri;P;Por;1;1;1;1;Cagliari;1.0;1;destro;Albania;15/12/1997 00:00:00;https://content.fantacalcio.it/web/campioncini/21/card/6650.png?v=647;;;;0;0.0;0.0;0;0;0;0
7363;Siviero;Siviero;P;Por;1;1;1;1;Torino;1.0;1;destro;Italia;23/11/2006 00:00:00;https://content.fantacalcio.it/web/campioncini/21/card/7363.png?v=647;;;;0;0.0;0.0;0;0;0;0
7382;Pannozzo;Pannozzo;P;Por;1;1;;;Lazio;1.0;;;;;;;;;0;0.0;0.0;0;0;0;0
7383;Giacomone;Giacomone;P;Por;1;1;;;Lazio;1.0;;;;;;;;;0;0.0;0.0;0;0;0;0
254;Dimarco;Dimarco;D;E;30;19;30;30;Inter;200.3;265;sinistro;Italia;10/11/1997 00:00:00;https://content.fantacalcio.it/web/campioncini/21/card/254.png?v=647;;;;35;6.6;7.64;7;17;3;0
2788;Bremer;Bremer;D;Dc;20;13;15;15;Juventus;123.0;50;destro;Brasile;18/03/1997 00:00:00;https://content.fantacalcio.it/web/campioncini/21/card/2788.png?v=647;;;;26;6.33;6.81;4;3;5;0
5022;Pavlovic;Pavlovic;D;Dc;17;7;14;14;Milan;102.9;48;sinistro;Serbia;24/05/2001 00:00:00;https://content.fantacalcio.it/web/campioncini/21/card/5022.png?v=647;;;;34;6.24;6.62;5;0;4;0
6832;Palestra;Palestra;D;E;16;3;;;Cagliari;77.2;;;;;;;;;37;6.27;6.42;1;4;3;0
6893;Kempf;Kempf;D;Dc;16;5;5;5;Como;95.3;13;sinistro;Germania;28/01/1995 00:00:00;https://content.fantacalcio.it/web/campioncini/21/card/6893.png?v=647;;;;29;6.12;6.52;4;1;3;0
1852;Spinazzola;Spinazzola;D;"Ds;E";16;7;8;8;Napoli;96.2;24;destro;Italia;25/03/1993 00:00:00;https://content.fantacalcio.it/web/campioncini/21/card/1852.png?v=647;;;;30;6.17;6.55;3;3;1;0
5526;Scalvini;Scalvini;D;Dc;15;8;10;10;Atalanta;88.4;28;destro;Italia;11/12/2003 00:00:00;https://content.fantacalcio.it/web/campioncini/21/card/5526.png?v=647;;;;24;6.06;6.44;3;1;2;0
6217;Bisseck;Bisseck;D;Dc;15;9;11;11;Inter;94.2;33;destro;"Germania;Camerun";29/11/2000 00:00:00;https://content.fantacalcio.it/web/campioncini/21/card/6217.png?v=647;;;;23;6.22;6.65;3;2;2;0
2296;Mancini;Mancini;D;Dc;15;11;15;15;Roma;90.3;49;destro;Italia;17/04/1996 00:00:00;https://content.fantacalcio.it/web/campioncini/21/card/2296.png?v=647;;;;36;6.25;6.51;4;2;9;0
5750;Ostigard;Ostigard;D;Dc;15;5;11;11;Genoa;75.5;40;destro;Norvegia;28/11/1999 00:00:00;https://content.fantacalcio.it/web/campioncini/21/card/5750.png?v=647;;;;30;6.13;6.52;5;0;7;0
4976;Kalulu;Kalulu;D;"Dd;Dc";14;9;14;14;Juventus;81.3;48;destro;"Francia;Repubblica Democratica del Congo";05/06/2000 00:00:00;https://content.fantacalcio.it/web/campioncini/21/card/4976.png?v=647;;;;37;6.14;6.35;2;4;2;1
4657;Celik;Celik;D;"B;Dd;E";14;7;9;9;Roma;79.4;15;destro;Turchia;17/02/1997 00:00:00;https://content.fantacalcio.it/web/campioncini/21/card/4657.png?v=647;;;;32;6.17;6.27;1;2;2;1
7181;Wesley;Wesley;D;E;14;14;16;16;Roma;84.4;80;destro;Brasile;06/09/2003 00:00:00;https://content.fantacalcio.it/web/campioncini/21/card/7181.png?v=647;;;;30;6.12;6.47;5;0;5;2
6956;Solet;Solet;D;Dc;14;11;13;13;Udinese;68.8;46;destro;"Francia;Repubblica Centrafricana";07/02/2000 00:00:00;https://content.fantacalcio.it/web/campioncini/21/card/6956.png?v=647;;;;34;6.18;6.4;3;1;1;0
2120;Bastoni;Bastoni;D;Dc;13;16;14;14;Inter;90.7;44;sinistro;Italia;13/04/1999 00:00:00;https://content.fantacalcio.it/web/campioncini/21/card/2120.png?v=647;;;;28;6.2;6.34;1;4;6;0
4807;Hermoso;Hermoso;D;Dc;13;3;10;10;Roma;78.0;26;sinistro;Spagna;18/06/1995 00:00:00;https://content.fantacalcio.it/web/campioncini/21/card/4807.png?v=647;;;;27;6.17;6.41;3;2;9;0
6986;Rensch;Rensch;D;"B;Dd;E";13;5;6;6;Roma;80.4;18;ambidestro;"Olanda;Suriname";18/01/2003 00:00:00;https://content.fantacalcio.it/web/campioncini/21/card/6986.png?v=647;;;;19;6.16;6.5;1;4;1;0
4159;Akanji;Akanji;D;Dc;13;9;16;16;Inter;78.0;55;destro;"Svizzera;Nigeria";19/07/1995 00:00:00;https://content.fantacalcio.it/web/campioncini/21/card/4159.png?v=647;;;;32;6.28;6.41;2;0;4;0
554;Zappacosta;Zappacosta;D;E;12;13;8;8;Atalanta;75.3;24;destro;Italia;11/06/1992 00:00:00;https://content.fantacalcio.it/web/campioncini/21/card/554.png?v=647;;;;35;6.06;6.3;3;1;3;0
5513;Dumfries;Dumfries;D;E;12;20;;;Inter;116.2;;;;;;;;;19;6.11;6.58;3;1;2;0
4317;N'Dicka;N'Dicka;D;Dc;12;10;13;13;Roma;71.0;44;sinistro;"Francia;Camerun";20/08/1999 00:00:00;https://content.fantacalcio.it/web/campioncini/21/card/4317.png?v=647;;;;31;6.08;6.32;3;1;5;0
2160;Gosens;Gosens;D;E;11;18;;;Fiorentina;98.8;;;;;;;;;25;5.92;6.28;3;1;2;0
5514;Vasquez;Vasquez;D;"Ds;Dc";11;9;10;10;Genoa;51.7;35;sinistro;Messico;22/04/1998 00:00:00;https://content.fantacalcio.it/web/campioncini/21/card/5514.png?v=647;;;;36;6.08;6.14;1;0;2;0
6766;Kelly L.;Kelly L.;D;"Ds;Dc";11;7;6;6;Juventus;60.5;12;sinistro;Inghilterra;06/10/1998 00:00:00;https://content.fantacalcio.it/web/campioncini/21/card/6766.png?v=647;;;;35;6.01;6.07;1;1;4;0
4409;Rrahmani;Rrahmani;D;Dc;11;11;14;14;Napoli;69.5;47;ambidestro;"Kosovo;Albania";24/02/1994 00:00:00;https://content.fantacalcio.it/web/campioncini/21/card/4409.png?v=647;;;;21;6.24;6.45;2;0;3;0
5862;Valeri;Valeri;D;"Ds;E";11;10;8;8;Parma;50.8;24;sinistro;Italia;07/12/1998 00:00:00;https://content.fantacalcio.it/web/campioncini/21/card/5862.png?v=647;;;;34;6.06;6.09;0;2;2;0
6485;Kristensen T.;Kristensen T.;D;"Dd;Dc";11;5;8;8;Udinese;53.4;22;destro;Danimarca;17/01/2002 00:00:00;https://content.fantacalcio.it/web/campioncini/21/card/6485.png?v=647;;;;28;5.98;6.23;3;0;4;0
7211;Athekame;Athekame;D;"Dd;E";11;6;3;3;Milan;66.2;8;destro;"Svizzera;Nigeria";13/12/2004 00:00:00;https://content.fantacalcio.it/web/campioncini/21/card/7211.png?v=647;;;;17;5.94;6.32;2;2;3;0
5678;Holm;Holm;D;"Dd;E";10;8;5;5;Juventus;64.4;13;destro;Svezia;13/05/2000 00:00:00;https://content.fantacalcio.it/web/campioncini/21/card/5678.png?v=647;;;;16;6.09;6.44;1;4;1;1
4734;Miranda J.;Miranda J.;D;"Ds;E";10;9;8;8;Bologna;56.4;24;sinistro;Spagna;19/01/2000 00:00:00;https://content.fantacalcio.it/web/campioncini/21/card/4734.png?v=647;;;;31;6.0;6.1;1;3;6;0
4994;Vojvoda;Vojvoda;D;"Dd;E";10;6;8;8;Como;59.5;19;destro;"Kosovo;Belgio";01/02/1995 00:00:00;https://content.fantacalcio.it/web/campioncini/21/card/4994.png?v=647;;;;27;6.02;6.24;2;1;2;0
6867;Valle;Valle;D;"Ds;E";10;6;6;6;Como;59.2;18;sinistro;Spagna;25/04/2004 00:00:00;https://content.fantacalcio.it/web/campioncini/21/card/6867.png?v=647;;;;26;6.06;6.23;1;3;3;0
5885;Dodò;Dodò;D;E;10;11;10;10;Fiorentina;59.7;30;destro;Brasile;17/11/1998 00:00:00;https://content.fantacalcio.it/web/campioncini/21/card/5885.png?v=647;;;;36;5.99;6.03;1;2;7;0
2593;Martin;Martin;D;"Ds;E";10;10;5;5;Genoa;47.0;15;sinistro;Spagna;22/04/1997 00:00:00;https://content.fantacalcio.it/web/campioncini/21/card/2593.png?v=647;;;;29;5.97;6.1;1;5;2;0
5877;Carlos Augusto;Carlos Augusto;D;"B;Ds;E";10;10;8;8;Inter;57.7;30;sinistro;Brasile;07/01/1999 00:00:00;https://content.fantacalcio.it/web/campioncini/21/card/5877.png?v=647;;;;28;6.12;6.16;1;1;6;0
6989;Tiago Gabriel;Tiago Gabriel;D;Dc;10;1;7;7;Lecce;45.5;17;destro;Portogallo;26/12/2004 00:00:00;https://content.fantacalcio.it/web/campioncini/21/card/6989.png?v=647;;;;36;6.0;6.01;2;0;7;0
4502;Gallo;Gallo;D;"Ds;E";10;5;6;6;Lecce;45.1;13;sinistro;Italia;05/01/2000 00:00:00;https://content.fantacalcio.it/web/campioncini/21/card/4502.png?v=647;;;;37;5.95;5.99;0;3;3;0
6496;Bartesaghi;Bartesaghi;D;"Ds;E";10;3;8;8;Milan;55.3;25;sinistro;Italia;29/12/2005 00:00:00;https://content.fantacalcio.it/web/campioncini/21/card/6496.png?v=647;;;;31;5.97;6.05;2;0;3;0
6202;Beukema;Beukema;D;Dc;10;10;6;6;Napoli;57.7;13;destro;Olanda;17/11/1998 00:00:00;https://content.fantacalcio.it/web/campioncini/21/card/6202.png?v=647;;;;22;5.93;6.16;2;0;2;0
2816;Di Lorenzo;Di Lorenzo;D;"Dd;E";10;14;12;12;Napoli;80.8;40;destro;Italia;04/08/1993 00:00:00;https://content.fantacalcio.it/web/campioncini/21/card/2816.png?v=647;;;;26;6.08;6.33;2;1;1;0
6664;Delprato;Delprato;D;"B;Dd;E";10;8;8;8;Parma;45.5;24;destro;Italia;10/11/1999 00:00:00;https://content.fantacalcio.it/web/campioncini/21/card/6664.png?v=647;;;;35;5.91;6.01;2;0;5;0
4263;Kabasele;Kabasele;D;Dc;10;3;4;4;Udinese;48.4;9;destro;"Belgio;Repubblica Democratica del Congo";24/02/1991 00:00:00;https://content.fantacalcio.it/web/campioncini/21/card/4263.png?v=647;;;;28;5.98;6.18;3;0;5;1
6869;Ramon;Ramon;D;Dc;10;4;10;10;Como;57.2;32;destro;Spagna;06/01/2005 00:00:00;https://content.fantacalcio.it/web/campioncini/21/card/6869.png?v=647;;;;32;6.16;6.14;2;0;11;1
7220;Belghali;Belghali;D;"Dd;E";10;4;;;Verona;49.0;;;;;;;;;26;6.1;6.21;2;0;6;0
5427;Gutierrez;Gutierrez;D;"Ds;E";10;8;8;8;Napoli;57.9;26;sinistro;Spagna;27/07/2001 00:00:00;https://content.fantacalcio.it/web/campioncini/21/card/5427.png?v=647;;;;21;5.98;6.17;1;1;0;0
7329;Obrador;Obrador;D;"Ds;E";10;6;;;Torino;53.0;;;;;;;;;16;6.06;6.41;1;3;1;0
4210;Mina;Mina;D;Dc;9;7;8;8;Cagliari;44.2;20;destro;Colombia;23/09/1994 00:00:00;https://content.fantacalcio.it/web/campioncini/21/card/4210.png?v=647;;;;26;6.0;6.17;2;1;3;1
5435;Moreno Alb.;Moreno Alb.;D;"Ds;E";9;3;;;Como;58.1;;;;;;;;;16;6.06;6.38;2;1;4;0
5520;Cambiaso;Cambiaso;D;E;9;15;10;10;Juventus;78.2;30;sinistro;Italia;20/02/2000 00:00:00;https://content.fantacalcio.it/web/campioncini/21/card/5520.png?v=647;;;;36;5.81;5.99;3;4;3;1
5835;Baschirotto;Baschirotto;D;Dc;9;8;;;Cremonese;43.3;;;;;;;;;29;5.95;6.12;2;0;2;0
7143;Angori;Angori;D;"Ds;E";9;5;;;Pisa;40.4;;;;;;;;;35;5.91;5.94;0;2;2;0
6642;Coco;Coco;D;Dc;9;8;7;7;Torino;39.9;18;destro;"Guinea Equatoriale;Spagna";09/02/1999 00:00:00;https://content.fantacalcio.it/web/campioncini/21/card/6642.png?v=647;;;;35;5.84;5.91;1;1;3;0
7219;Bernasconi;Bernasconi;D;E;9;1;6;6;Atalanta;52.9;17;sinistro;Italia;16/11/2003 00:00:00;https://content.fantacalcio.it/web/campioncini/21/card/7219.png?v=647;;;;22;6.09;6.16;0;3;3;0
393;Luperto;Luperto;D;Dc;8;7;;;Cremonese;35.8;;;;;;;;;34;5.84;5.9;1;1;4;0
4433;Zortea;Zortea;D;E;8;16;6;6;Bologna;81.2;19;destro;Italia;19/06/1999 00:00:00;https://content.fantacalcio.it/web/campioncini/21/card/4433.png?v=647;;;;28;5.86;5.89;0;2;2;0
5833;Gila;Gila;D;Dc;8;9;12;12;Lazio;48.6;31;destro;Spagna;29/08/2000 00:00:00;https://content.fantacalcio.it/web/campioncini/21/card/5833.png?v=647;;;;31;6.03;5.95;0;0;3;1
460;Romagnoli;Romagnoli;D;Dc;8;8;7;7;Lazio;43.3;24;sinistro;Italia;12/01/1995 00:00:00;https://content.fantacalcio.it/web/campioncini/21/card/460.png?v=647;;;;32;6.03;5.92;0;0;5;1
2188;Marusic;Marusic;D;"Dd;Ds;E";8;8;6;6;Lazio;44.2;23;destro;"Montenegro;Serbia";17/10/1992 00:00:00;https://content.fantacalcio.it/web/campioncini/21/card/2188.png?v=647;;;;33;5.86;5.97;1;2;1;1
4751;Tomori;Tomori;D;Dc;8;8;7;7;Milan;42.6;11;destro;"Inghilterra;Canada";19/12/1997 00:00:00;https://content.fantacalcio.it/web/campioncini/21/card/4751.png?v=647;;;;32;5.97;5.88;0;1;6;1
2724;Buongiorno;Buongiorno;D;Dc;8;13;7;7;Napoli;66.6;15;sinistro;Italia;06/06/1999 00:00:00;https://content.fantacalcio.it/web/campioncini/21/card/2724.png?v=647;;;;32;5.89;5.88;0;1;3;0
6663;Circati;Circati;D;Dc;8;5;6;6;Parma;36.1;18;destro;"Australia;Italia";10/10/2003 00:00:00;https://content.fantacalcio.it/web/campioncini/21/card/6663.png?v=647;;;;31;5.92;5.92;1;0;6;0
7155;Muharemovic;Muharemovic;D;Dc;8;5;;;Sassuolo;35.7;;;;;;;;;32;5.91;5.89;2;1;7;0
4665;Maripan;Maripan;D;Dc;8;7;;;Torino;39.0;;;;;;;;;26;5.94;6.1;2;0;4;0
6631;Ghilardi;Ghilardi;D;Dc;8;4;4;4;Roma;43.8;10;destro;Italia;06/01/2003 00:00:00;https://content.fantacalcio.it/web/campioncini/21/card/6631.png?v=647;;;;21;5.98;5.95;0;0;1;0
6672;Idzes;Idzes;D;Dc;8;7;7;7;Sassuolo;35.8;19;destro;"Indonesia;Olanda";02/06/2000 00:00:00;https://content.fantacalcio.it/web/campioncini/21/card/6672.png?v=647;;;;35;5.94;5.9;0;0;3;0
4137;Diego Carlos;Diego Carlos;D;Dc;8;5;;;Como;46.8;;;;;;;;;25;6.14;6.1;1;0;8;0
6550;Garcia U.;Garcia U.;D;"B;Ds;E";8;3;;;Sassuolo;46.1;;;;;;;;;12;6.17;6.46;1;2;3;0
787;Djimsiti;Djimsiti;D;Dc;7;8;7;7;Atalanta;41.4;16;destro;"Albania;Svizzera";16/02/1993 00:00:00;https://content.fantacalcio.it/web/campioncini/21/card/787.png?v=647;;;;33;5.86;5.8;0;0;4;0
2640;Kolasinac;Kolasinac;D;"B;Ds;E";7;7;6;6;Atalanta;32.4;14;sinistro;"Bosnia Erzegovina;Germania";20/06/1993 00:00:00;https://content.fantacalcio.it/web/campioncini/21/card/2640.png?v=647;;;;17;6.03;5.94;0;0;3;0
6042;Lucumì;Lucumì;D;Dc;7;8;8;8;Bologna;42.8;18;sinistro;Colombia;26/06/1998 00:00:00;https://content.fantacalcio.it/web/campioncini/21/card/6042.png?v=647;;;;28;5.88;5.89;1;0;5;0
5701;Obert;Obert;D;"Ds;Dc";7;4;7;7;Cagliari;30.7;16;sinistro;Slovacchia;23/08/2002 00:00:00;https://content.fantacalcio.it/web/campioncini/21/card/5701.png?v=647;;;;34;5.88;5.82;0;3;8;1
6660;Marcandalli;Marcandalli;D;Dc;7;3;6;6;Genoa;31.0;13;destro;"Italia;Nigeria";25/02/2002 00:00:00;https://content.fantacalcio.it/web/campioncini/21/card/6660.png?v=647;;;;31;5.87;5.84;0;1;4;0
6814;Norton-Cuffy;Norton-Cuffy;D;"Dd;E";7;3;8;8;Genoa;34.8;22;destro;"Inghilterra;Dominica";12/01/2004 00:00:00;https://content.fantacalcio.it/web/campioncini/21/card/6814.png?v=647;;;;27;5.93;6.09;2;1;3;1
7012;Provstgaard;Provstgaard;D;Dc;7;3;3;3;Lazio;31.1;10;sinistro;Danimarca;04/06/2003 00:00:00;https://content.fantacalcio.it/web/campioncini/21/card/7012.png?v=647;;;;23;5.91;5.85;0;0;3;0
5812;Terracciano F.;Terracciano F.;D;"Dd;Ds;E";7;2;;;Cremonese;30.8;;;;;;;;;35;5.86;5.83;2;0;6;0
4772;Angelino;Angelino;D;E;7;15;3;3;Roma;73.3;12;sinistro;Spagna;04/01/1997 00:00:00;https://content.fantacalcio.it/web/campioncini/21/card/4772.png?v=647;;;;6;5.83;5.67;0;0;2;0
6426;Pedersen;Pedersen;D;"Dd;E";7;4;5;5;Torino;32.7;13;destro;Norvegia;16/07/2000 00:00:00;https://content.fantacalcio.it/web/campioncini/21/card/6426.png?v=647;;;;28;5.84;5.96;1;2;3;0
6047;Ehizibue;Ehizibue;D;"Dd;E";7;5;;;Udinese;32.7;;;;;;;;;26;5.83;5.96;2;0;5;0
6639;Frese;Frese;D;"Ds;E";7;3;;;Verona;31.0;;;;;;;;;31;5.84;5.84;2;0;8;0
6046;Hien;Hien;D;Dc;6;11;8;8;Atalanta;56.7;16;destro;"Svezia;Burkina Faso";13/01/1999 00:00:00;https://content.fantacalcio.it/web/campioncini/21/card/6046.png?v=647;;;;28;5.91;5.86;1;0;5;0
5578;Kossounou;Kossounou;D;"Dd;Dc";6;9;3;3;Atalanta;51.4;8;destro;Costa d''Avorio;04/01/2001 00:00:00;https://content.fantacalcio.it/web/campioncini/21/card/5578.png?v=647;;;;16;5.94;6.09;1;0;1;0
4887;Bellanova;Bellanova;D;E;6;13;6;6;Atalanta;65.7;15;destro;Italia;17/05/2000 00:00:00;https://content.fantacalcio.it/web/campioncini/21/card/4887.png?v=647;;;;22;5.82;5.82;0;1;2;0
4461;Zappa;Zappa;D;"B;Dd;E";6;6;4;4;Cagliari;29.0;11;destro;Italia;22/12/1999 00:00:00;https://content.fantacalcio.it/web/campioncini/21/card/4461.png?v=647;;;;25;5.9;5.98;0;3;2;0
7014;Smolcic I.;Smolcic I.;D;"Dd;Dc";6;2;4;4;Como;27.0;10;destro;Croazia;17/08/2000 00:00:00;https://content.fantacalcio.it/web/campioncini/21/card/7014.png?v=647;;;;25;5.96;5.84;0;1;8;0
6013;Barbieri;Barbieri;D;"Dd;Ds;E";6;3;;;Cremonese;27.4;;;;;;;;;26;5.98;5.87;0;1;8;0
4378;Ranieri L.;Ranieri L.;D;"Ds;Dc";6;7;3;3;Fiorentina;30.3;7;sinistro;Italia;23/04/1999 00:00:00;https://content.fantacalcio.it/web/campioncini/21/card/4378.png?v=647;;;;31;5.85;5.79;1;0;8;1
5449;Parisi;Parisi;D;E;6;5;5;5;Fiorentina;29.0;12;sinistro;Italia;09/11/2000 00:00:00;https://content.fantacalcio.it/web/campioncini/21/card/5449.png?v=647;;;;23;6.02;5.98;1;1;6;0
5739;De Winter;De Winter;D;"Dd;Dc";6;8;4;4;Milan;43.0;14;destro;Belgio;12/06/2002 00:00:00;https://content.fantacalcio.it/web/campioncini/21/card/5739.png?v=647;;;;24;5.75;5.9;1;1;1;0
6039;Cabal;Cabal;D;"B;Ds;E";6;5;1;1;Juventus;40.4;4;sinistro;Colombia;08/01/2001 00:00:00;https://content.fantacalcio.it/web/campioncini/21/card/6039.png?v=647;;;;9;5.94;6.56;2;0;1;0
7175;Joao Mario;Joao Mario;D;E;6;8;3;3;Bologna;44.8;7;destro;Portogallo;03/01/2000 00:00:00;https://content.fantacalcio.it/web/campioncini/21/card/7175.png?v=647;;;;14;5.79;6.0;1;1;2;0
5620;Tavares N.;Tavares N.;D;"Ds;E";6;12;6;6;Lazio;60.6;17;sinistro;"Portogallo;Capo Verde";26/01/2000 00:00:00;https://content.fantacalcio.it/web/campioncini/21/card/5620.png?v=647;;;;22;5.91;5.8;0;0;5;0
5527;Zanoli;Zanoli;D;"Dd;E";6;3;4;4;Udinese;34.5;10;destro;Italia;03/10/2000 00:00:00;https://content.fantacalcio.it/web/campioncini/21/card/5527.png?v=647;;;;19;6.05;6.29;1;2;1;0
2273;Caracciolo A.;Caracciolo A.;D;Dc;6;4;;;Pisa;26.1;;;;;;;;;35;5.8;5.77;2;0;10;0
5010;Ismajli;Ismajli;D;Dc;6;8;7;7;Torino;35.8;18;destro;"Albania;Kosovo";30/09/1996 00:00:00;https://content.fantacalcio.it/web/campioncini/21/card/5010.png?v=647;;;;24;5.92;5.9;0;2;5;0
5555;Kamara H.;Kamara H.;D;"Ds;E";6;7;6;6;Udinese;31.4;12;sinistro;"Francia;Gambia";05/03/1994 00:00:00;https://content.fantacalcio.it/web/campioncini/21/card/5555.png?v=647;;;;26;5.88;5.87;0;2;5;0
5532;Bradaric;Bradaric;D;"Ds;E";6;4;;;Verona;27.0;;;;;;;;;29;5.81;5.84;0;2;2;0
7240;Siebert;Siebert;D;Dc;6;5;4;4;Lecce;26.0;12;destro;Germania;02/04/2002 00:00:00;https://content.fantacalcio.it/web/campioncini/21/card/7240.png?v=647;;;;19;5.68;5.76;1;0;3;0
7352;Edmundsson;Edmundsson;D;Dc;6;2;;;Verona;25.7;;;;;;;;;15;5.97;5.73;0;0;3;0
7125;Idrissi R.;Idrissi R.;D;"Ds;E";5;3;3;3;Cagliari;26.8;7;sinistro;"Italia;Marocco";13/06/2005 00:00:00;https://content.fantacalcio.it/web/campioncini/21/card/7125.png?v=647;;;;17;5.82;6.09;2;0;3;0
6230;Dossena;Dossena;D;Dc;5;4;;;Cagliari;21.1;;;;;;;;;11;5.82;5.68;0;1;5;0
6896;Van Der Brempt;Van Der Brempt;D;"Dd;E";5;4;2;2;Como;24.7;5;destro;Belgio;01/04/2002 00:00:00;https://content.fantacalcio.it/web/campioncini/21/card/6896.png?v=647;;;;14;5.96;5.96;0;1;2;0
7131;Floriani Mussolini;Floriani Mussolini;D;"Dd;E";5;5;3;3;Cremonese;21.5;12;destro;Italia;27/01/2003 00:00:00;https://content.fantacalcio.it/web/campioncini/21/card/7131.png?v=647;;;;23;5.72;5.72;0;1;2;0
5603;Pongracic;Pongracic;D;Dc;5;5;4;4;Fiorentina;21.1;8;destro;"Croazia;Germania";11/09/1997 00:00:00;https://content.fantacalcio.it/web/campioncini/21/card/5603.png?v=647;;;;35;5.84;5.67;0;0;12;0
513;Acerbi;Acerbi;D;Dc;5;9;;;Inter;48.5;;;;;;;;;16;6.03;5.94;0;0;3;0
5831;Gatti;Gatti;D;Dc;5;8;4;4;Juventus;49.4;10;destro;Italia;24/06/1998 00:00:00;https://content.fantacalcio.it/web/campioncini/21/card/5831.png?v=647;;;;16;5.94;6.22;2;0;3;0
2728;Pellegrini Lu.;Pellegrini Lu.;D;"Ds;E";5;3;2;2;Lazio;22.6;5;sinistro;Italia;07/03/1999 00:00:00;https://content.fantacalcio.it/web/campioncini/21/card/2728.png?v=647;;;;24;5.85;5.81;1;0;8;0
6990;Veiga D.;Veiga D.;D;"Dd;E";5;1;5;5;Lecce;21.2;11;destro;"Portogallo;Brasile";25/09/2002 00:00:00;https://content.fantacalcio.it/web/campioncini/21/card/6990.png?v=647;;;;36;5.82;5.69;0;0;9;0
4401;Gabbia;Gabbia;D;Dc;5;6;7;7;Milan;27.0;25;destro;Italia;21/10/1999 00:00:00;https://content.fantacalcio.it/web/campioncini/21/card/4401.png?v=647;;;;29;5.91;5.84;0;0;4;0
5840;Olivera;Olivera;D;"Ds;E";5;10;6;6;Napoli;49.4;15;sinistro;"Uruguay;Spagna";31/10/1997 00:00:00;https://content.fantacalcio.it/web/campioncini/21/card/5840.png?v=647;;;;22;5.75;5.68;0;0;3;0
5307;Valenti;Valenti;D;Dc;5;4;4;4;Parma;22.8;10;sinistro;Argentina;14/01/1999 00:00:00;https://content.fantacalcio.it/web/campioncini/21/card/5307.png?v=647;;;;27;5.96;5.83;0;0;7;0
7139;Canestrelli;Canestrelli;D;Dc;5;3;;;Pisa;21.5;;;;;;;;;37;5.69;5.72;1;0;4;0
4374;Walukiewicz;Walukiewicz;D;"Dd;Dc";5;5;4;4;Sassuolo;21.8;12;destro;Polonia;05/04/2000 00:00:00;https://content.fantacalcio.it/web/campioncini/21/card/4374.png?v=647;;;;34;5.81;5.74;0;1;7;0
5820;Bertola;Bertola;D;Dc;5;6;6;6;Udinese;27.0;14;destro;Italia;23/03/2003 00:00:00;https://content.fantacalcio.it/web/campioncini/21/card/5820.png?v=647;;;;25;5.86;5.84;0;1;3;0
5994;Ebosse;Ebosse;D;"Ds;Dc";5;4;2;2;Torino;21.5;4;sinistro;"Camerun;Francia";11/03/1999 00:00:00;https://content.fantacalcio.it/web/campioncini/21/card/5994.png?v=647;;;;16;5.75;5.72;0;1;4;0
697;Cuadrado;Cuadrado;D;E;5;7;;;Pisa;35.5;;;;;;;;;15;6.03;6.13;1;0;3;0
7018;Nelsson;Nelsson;D;Dc;5;5;;;Verona;20.3;;;;;;;;;37;5.68;5.57;0;0;4;0
7235;Troilo;Troilo;D;Dc;5;6;3;3;Parma;25.4;8;ambidestro;Argentina;28/06/2003 00:00:00;https://content.fantacalcio.it/web/campioncini/21/card/7235.png?v=647;;;;21;5.79;5.71;1;0;5;2
7274;Zè Pedro;Zè Pedro;D;Dc;5;4;6;6;Cagliari;21.1;13;destro;Portogallo;06/06/1997 00:00:00;https://content.fantacalcio.it/web/campioncini/21/card/7274.png?v=647;;;;22;5.77;5.68;0;1;6;0
6916;Ahanor;Ahanor;D;"B;Ds;E";4;6;7;7;Atalanta;25.2;18;sinistro;"Italia;Nigeria";23/02/2008 00:00:00;https://content.fantacalcio.it/web/campioncini/21/card/6916.png?v=647;;;;21;5.79;5.69;0;0;2;1
7068;Vitik;Vitik;D;Dc;4;8;5;5;Bologna;42.3;11;destro;Repubblica Ceca;21/01/2003 00:00:00;https://content.fantacalcio.it/web/campioncini/21/card/7068.png?v=647;;;;18;5.94;5.86;0;0;3;0
612;Bianchetti;Bianchetti;D;Dc;4;3;;;Cremonese;17.2;;;;;;;;;27;5.72;5.69;0;1;4;0
7130;Folino;Folino;D;Dc;4;4;;;Cremonese;22.1;;;;;;;;;11;5.77;6.05;1;0;0;0
770;Pezzella Giu.;Pezzella Giu.;D;"Ds;E";4;5;;;Cremonese;20.2;;;;;;;;;31;5.68;5.55;0;1;8;1
6495;Comuzzo;Comuzzo;D;Dc;4;7;6;6;Fiorentina;29.9;11;destro;Italia;20/02/2005 00:00:00;https://content.fantacalcio.it/web/campioncini/21/card/6495.png?v=647;;;;24;5.75;5.75;1;0;2;0
256;Juan Jesus;Juan Jesus;D;"Ds;Dc";4;3;;;Napoli;16.6;;;;;;;;;21;5.86;5.62;0;0;8;1
5481;Mazzocchi;Mazzocchi;D;"Dd;Ds;E";4;3;1;1;Napoli;20.4;3;destro;Italia;27/07/1995 00:00:00;https://content.fantacalcio.it/web/campioncini/21/card/5481.png?v=647;;;;9;5.94;5.94;0;1;0;1
5851;Doig;Doig;D;"Ds;E";4;6;4;4;Sassuolo;26.0;10;sinistro;Scozia;18/05/2002 00:00:00;https://content.fantacalcio.it/web/campioncini/21/card/5851.png?v=647;;;;27;5.85;5.76;0;0;5;0
4385;Lazaro;Lazaro;D;"Dd;E";4;7;;;Torino;29.3;;;;;;;;;30;5.7;5.7;0;2;4;0
6992;Oyegoke;Oyegoke;D;"B;Dd;E";4;2;;;Verona;17.3;;;;;;;;;10;5.8;5.7;0;0;2;0
7212;Heggem;Heggem;D;"Ds;Dc";4;4;7;7;Bologna;18.5;17;sinistro;Norvegia;12/01/1999 00:00:00;https://content.fantacalcio.it/web/campioncini/21/card/7212.png?v=647;;;;25;5.84;5.8;0;0;0;1
7255;Britschgi;Britschgi;D;"Dd;Ds;E";4;1;4;4;Parma;17.3;12;destro;Svizzera;27/08/2006 00:00:00;https://content.fantacalcio.it/web/campioncini/21/card/7255.png?v=647;;;;28;5.75;5.7;0;2;5;1
7268;Rodriguez Ju.;Rodriguez Ju.;D;"Ds;Dc";4;1;4;4;Cagliari;17.5;12;sinistro;Uruguay;30/05/2005 00:00:00;https://content.fantacalcio.it/web/campioncini/21/card/7268.png?v=647;;;;16;5.62;5.72;1;0;3;0
6665;Coulibaly W.;Coulibaly W.;D;"Dd;Ds;E";4;3;;;Sassuolo;16.8;;;;;;;;;18;5.69;5.64;0;0;2;0
487;De Silvestri;De Silvestri;D;"Dd;E";3;4;1;1;Bologna;20.5;4;destro;Italia;23/05/1988 00:00:00;https://content.fantacalcio.it/web/campioncini/21/card/487.png?v=647;;;;10;6.05;5.95;0;0;2;0
791;Sabelli;Sabelli;D;"Dd;Ds;E";3;5;2;2;Genoa;20.9;5;destro;Italia;13/01/1993 00:00:00;https://content.fantacalcio.it/web/campioncini/21/card/791.png?v=647;;;;13;5.81;5.65;0;0;0;0
322;De Vrij;De Vrij;D;Dc;3;9;;;Inter;50.7;;;;;;;;;8;6.12;6.06;0;0;1;0
2525;Darmian;Darmian;D;"B;Dd;E";3;4;;;Inter;21.3;;;;;;;;;5;6.0;6.0;0;0;0;0
327;Patric;Patric;D;"Dd;Dc";3;4;1;1;Lazio;17.9;4;destro;Spagna;17/04/1993 00:00:00;https://content.fantacalcio.it/web/campioncini/21/card/327.png?v=647;;;;10;5.85;5.75;0;0;2;0
2263;Lazzari;Lazzari;D;"Dd;E";3;4;2;2;Lazio;17.8;8;destro;Italia;29/11/1993 00:00:00;https://content.fantacalcio.it/web/campioncini/21/card/2263.png?v=647;;;;17;5.79;5.74;0;0;2;0
6809;Marianucci;Marianucci;D;Dc;3;3;1;1;Torino;13.7;3;destro;Italia;23/07/2004 00:00:00;https://content.fantacalcio.it/web/campioncini/21/card/6809.png?v=647;;;;11;5.73;5.73;0;1;2;0
2745;Calabresi;Calabresi;D;"B;Dd;E";3;3;;;Pisa;12.3;;;;;;;;;25;5.74;5.58;0;0;8;0
6211;Zemura;Zemura;D;"Ds;E";3;3;;;Udinese;14.1;;;;;;;;;15;5.87;5.77;0;0;3;0
6957;Valentini N.;Valentini N.;D;Dc;3;4;;;Verona;16.3;;;;;;;;;19;5.79;5.58;0;0;6;1
7253;Bella-Kotchap;Bella-Kotchap;D;Dc;3;6;6;6;Verona;25.9;13;destro;"Germania;Camerun";11/12/2001 00:00:00;https://content.fantacalcio.it/web/campioncini/21/card/7253.png?v=647;;;;18;5.83;5.75;0;0;3;0
5168;Tsimikas;Tsimikas;D;"Ds;E";3;4;;;Roma;17.2;;;;;;;;;13;5.73;5.69;0;0;1;0
7335;Zatterstrom;Zatterstrom;D;Dc;3;4;;;Genoa;21.3;;;;;;;;;2;6.0;6.0;0;0;0;0
6149;Carboni F.;Carboni F.;D;"Ds;E";3;2;1;1;Parma;17.3;3;sinistro;"Argentina;Italia";04/04/2003 00:00:00;https://content.fantacalcio.it/web/campioncini/21/card/6149.png?v=647;;;;2;6.0;6.0;0;0;0;0
7353;Pedro Felipe;Pedro Felipe;D;Dc;3;1;;;Sassuolo;21.7;;;;;;;;;2;5.75;6.25;0;1;0;0
2653;Lykogiannis;Lykogiannis;D;"Ds;E";2;5;;;Bologna;20.2;;;;;;;;;8;5.62;5.56;0;1;3;0
7069;Fortini;Fortini;D;E;2;3;;;Fiorentina;16.7;;;;;;;;;12;5.96;5.96;0;0;0;0
6977;Otoa;Otoa;D;Dc;2;2;2;2;Genoa;8.0;5;destro;Danimarca;13/05/2004 00:00:00;https://content.fantacalcio.it/web/campioncini/21/card/6977.png?v=647;;;;10;5.6;5.35;0;0;1;0
294;Rugani;Rugani;D;Dc;2;3;1;1;Fiorentina;12.2;3;destro;Italia;29/07/1994 00:00:00;https://content.fantacalcio.it/web/campioncini/21/card/294.png?v=647;;;;8;5.69;5.56;0;0;2;0
6632;Gaspar K.;Gaspar K.;D;Dc;2;8;5;5;Lecce;32.8;12;destro;Angola;27/09/1997 00:00:00;https://content.fantacalcio.it/web/campioncini/21/card/6632.png?v=647;;;;21;5.83;5.64;0;0;6;1
6883;Jean;Jean;D;Dc;2;3;2;2;Lecce;13.3;4;sinistro;Francia;19/02/2000 00:00:00;https://content.fantacalcio.it/web/campioncini/21/card/6883.png?v=647;;;;5;5.8;5.7;0;0;1;0
5273;Estupinan;Estupinan;D;"Ds;E";2;11;3;3;Milan;54.5;9;sinistro;"Ecuador;Spagna";21/01/1998 00:00:00;https://content.fantacalcio.it/web/campioncini/21/card/5273.png?v=647;;;;14;5.64;5.71;1;1;5;1
252;Biraghi;Biraghi;D;"Ds;E";2;8;2;2;Torino;32.4;6;sinistro;Italia;12/09/1992 00:00:00;https://content.fantacalcio.it/web/campioncini/21/card/252.png?v=647;;;;11;5.59;5.59;0;0;0;0
7011;Slotsager;Slotsager;D;Dc;2;2;;;Verona;9.9;;;;;;;;;6;5.75;5.75;0;0;0;0
7202;Ndiaye;Ndiaye;D;Dc;2;4;1;1;Parma;16.0;4;sinistro;Senegal;10/04/2002 00:00:00;https://content.fantacalcio.it/web/campioncini/21/card/7202.png?v=647;;;;11;5.59;5.36;0;0;3;1
7222;Cham;Cham;D;"Dd;Ds;E";2;1;;;Verona;8.0;;;;;;;;;3;5.17;5.17;0;0;0;0
7260;Ziolkowski;Ziolkowski;D;Dc;2;3;1;1;Roma;14.2;2;destro;Polonia;05/06/2005 00:00:00;https://content.fantacalcio.it/web/campioncini/21/card/7260.png?v=647;;;;9;5.94;5.78;0;0;3;0
5156;Nkounkou;Nkounkou;D;"Ds;E";2;3;;;Torino;14.6;;;;;;;;;8;5.81;5.81;0;1;3;0
7312;Arizala;Arizala;D;"Ds;E";2;1;4;4;Udinese;10.5;8;sinistro;Colombia;10/10/2005 00:00:00;https://content.fantacalcio.it/web/campioncini/21/card/7312.png?v=647;;;;5;5.8;5.8;0;0;0;0
7326;Helland;Helland;D;"Dd;Dc";2;4;2;2;Bologna;16.0;5;destro;Norvegia;25/04/2005 00:00:00;https://content.fantacalcio.it/web/campioncini/21/card/7326.png?v=647;;;;6;5.5;5.33;0;0;2;0
2006;Lirola;Lirola;D;"B;Dd;E";2;4;;;Verona;16.5;;;;;;;;;5;5.7;5.6;0;0;1;0
7356;Mlacic;Mlacic;D;Dc;2;3;1;1;Udinese;13.1;3;destro;Croazia;12/03/2007 00:00:00;https://content.fantacalcio.it/web/campioncini/21/card/7356.png?v=647;;;;3;5.83;5.67;0;0;2;0
7377;Balbo;Balbo;D;"Ds;E";2;1;;;Fiorentina;9.9;;;;;;;;;4;5.75;5.75;0;0;0;0
5498;Casale;Casale;D;Dc;1;4;3;3;Bologna;16.9;6;destro;Italia;14/02/1998 00:00:00;https://content.fantacalcio.it/web/campioncini/21/card/5498.png?v=647;;;;10;5.65;5.65;0;0;0;0
418;Goldaniga;Goldaniga;D;Dc;1;4;1;1;Como;16.0;1;ambidestro;Italia;02/11/1993 00:00:00;https://content.fantacalcio.it/web/campioncini/21/card/418.png?v=647;;;;0;0.0;6.0;0;0;0;0
1891;Ceccherini;Ceccherini;D;"Dd;Dc";1;4;;;Cremonese;16.0;;;;;;;;;8;5.56;5.5;0;1;1;1
5899;Gigot;Gigot;D;Dc;1;4;;;Lazio;16.0;;;;;;;;;0;0.0;6.0;0;0;0;0
140;Hysaj;Hysaj;D;"Dd;Ds;E";1;3;;;Lazio;12.0;;;;;;;;;2;5.5;5.5;0;0;0;0
7164;Perez M.;Perez M.;D;"Dd;Dc";1;1;1;1;Lecce;4.0;1;destro;Cile;13/04/2005 00:00:00;https://content.fantacalcio.it/web/campioncini/21/card/7164.png?v=647;;;;1;5.0;5.0;0;0;0;0
7182;Ndaba;Ndaba;D;"Ds;E";1;1;1;1;Lecce;4.0;4;sinistro;"Irlanda;Ghana";25/12/1999 00:00:00;https://content.fantacalcio.it/web/campioncini/21/card/7182.png?v=647;;;;9;5.5;5.5;0;0;0;0
7140;Coppola F.;Coppola F.;D;Dc;1;1;;;Pisa;4.0;;;;;;;;;5;5.1;4.9;0;0;3;0
2279;Romagna;Romagna;D;Dc;1;4;;;Sassuolo;17.3;;;;;;;;;5;5.7;5.7;0;0;0;0
7156;Pieragnolo;Pieragnolo;D;"Ds;E";1;2;1;1;Sassuolo;8.0;1;sinistro;Italia;03/01/2003 00:00:00;https://content.fantacalcio.it/web/campioncini/21/card/7156.png?v=647;;;;0;0.0;6.0;0;0;0;0
7196;Denoon;Denoon;D;Dc;1;2;;;Pisa;8.0;;;;;;;;;2;5.5;5.25;0;0;1;0
6985;Candè;Candè;D;"Ds;Dc";1;6;3;3;Sassuolo;24.2;14;sinistro;"Guinea-Bissau;Portogallo";24/01/1998 00:00:00;https://content.fantacalcio.it/web/campioncini/21/card/6985.png?v=647;;;;8;5.69;5.56;0;0;2;0
7238;Kouadio;Kouadio;D;Dc;1;1;3;3;Fiorentina;9.3;10;destro;"Italia;Costa d''Avorio";07/05/2006 00:00:00;https://content.fantacalcio.it/web/campioncini/21/card/7238.png?v=647;;;;1;6.0;6.0;0;0;0;0
6870;Faye;Faye;D;Dc;1;4;;;Cremonese;16.8;;;;;;;;;7;5.71;5.64;0;0;1;0
7271;Odogu;Odogu;D;Dc;1;2;;;Milan;8.0;;;;;;;;;0;0.0;6.0;0;0;0;0
388;Albiol;Albiol;D;Dc;1;5;;;Pisa;21.2;;;;;;;;;8;5.62;5.69;0;1;1;0
7325;Bozhinov;Bozhinov;D;Dc;1;2;;;Pisa;8.0;;;;;;;;;8;5.25;5.06;0;0;1;1
7346;Raterink;Raterink;D;"Dd;E";1;1;1;1;Cagliari;1.0;1;destro;Olanda;07/04/2006 00:00:00;https://content.fantacalcio.it/web/campioncini/21/card/7346.png?v=647;;;;0;0.0;0.0;0;0;0;0
6875;Paz N.;Paz N.;C;"T;A";26;20;28;28;Como;315.6;250;sinistro;"Argentina;Spagna";08/09/2004 00:00:00;https://content.fantacalcio.it/web/campioncini/21/card/6875.png?v=647;;;;35;6.37;7.3;12;5;5;0
4777;McTominay;McTominay;C;"C;T";25;26;28;28;Napoli;311.3;240;destro;"Scozia;Inghilterra";08/12/1996 00:00:00;https://content.fantacalcio.it/web/campioncini/21/card/4777.png?v=647;;;;33;6.39;7.26;10;2;1;0
7126;Baturina;Baturina;C;T;24;9;18;18;Como;282.3;100;destro;Croazia;16/02/2003 00:00:00;https://content.fantacalcio.it/web/campioncini/21/card/7126.png?v=647;;;;25;6.3;7.14;6;3;0;0
2194;Calhanoglu;Calhanoglu;C;"M;C";24;23;28;28;Inter;339.0;260;destro;"Turchia;Germania";08/02/1994 00:00:00;https://content.fantacalcio.it/web/campioncini/21/card/2194.png?v=647;;;;22;6.52;7.64;9;4;7;0
2423;Pulisic;Pulisic;C;"T;A";24;28;23;23;Milan;309.1;180;destro;"Stati Uniti;Croazia";18/09/1998 00:00:00;https://content.fantacalcio.it/web/campioncini/21/card/2423.png?v=647;;;;27;6.15;7.07;8;4;0;0
2379;Rabiot;Rabiot;C;"C;T";23;23;22;22;Milan;258.9;128;sinistro;Francia;03/04/1995 00:00:00;https://content.fantacalcio.it/web/campioncini/21/card/2379.png?v=647;;;;29;6.33;6.98;6;4;4;1
2517;De Bruyne;De Bruyne;C;T;21;23;14;14;Napoli;284.0;95;destro;Belgio;28/06/1991 00:00:00;https://content.fantacalcio.it/web/campioncini/21/card/2517.png?v=647;;;;17;6.26;7.24;5;2;1;0
5559;Da Cunha;Da Cunha;C;"C;W;T";20;12;18;18;Como;227.6;90;sinistro;"Francia;Portogallo";09/06/2001 00:00:00;https://content.fantacalcio.it/web/campioncini/21/card/5559.png?v=647;;;;35;6.34;6.91;6;4;4;0
152;Zielinski;Zielinski;C;"C;T";20;4;10;10;Inter;218.7;41;destro;Polonia;20/05/1994 00:00:00;https://content.fantacalcio.it/web/campioncini/21/card/152.png?v=647;;;;30;6.25;6.8;6;2;3;0
6908;Atta;Atta;C;C;20;6;17;17;Udinese;187.6;87;destro;"Francia;Benin";14/01/2003 00:00:00;https://content.fantacalcio.it/web/campioncini/21/card/6908.png?v=647;;;;32;6.36;6.88;5;3;3;0
2167;Orsolini;Orsolini;C;"W;A";19;30;25;25;Bologna;299.6;200;sinistro;Italia;24/01/1997 00:00:00;https://content.fantacalcio.it/web/campioncini/21/card/2167.png?v=647;;;;34;6.06;6.76;10;1;2;0
2766;Zaniolo;Zaniolo;C;"T;A";19;11;17;17;Udinese;173.3;100;sinistro;Italia;02/07/1999 00:00:00;https://content.fantacalcio.it/web/campioncini/21/card/2766.png?v=647;;;;31;6.26;6.77;5;5;8;0
1870;Barella;Barella;C;C;18;14;17;17;Inter;195.1;80;destro;Italia;07/02/1997 00:00:00;https://content.fantacalcio.it/web/campioncini/21/card/1870.png?v=647;;;;34;6.28;6.71;3;9;7;0
4973;McKennie;McKennie;C;"M;C";18;10;17;17;Juventus;193.0;68;destro;Stati Uniti;28/08/1998 00:00:00;https://content.fantacalcio.it/web/campioncini/21/card/4973.png?v=647;;;;34;6.13;6.68;5;6;5;0
6884;Conceicao;Conceicao;C;"W;A";18;18;11;11;Juventus;194.4;60;sinistro;Portogallo;14/12/2002 00:00:00;https://content.fantacalcio.it/web/campioncini/21/card/6884.png?v=647;;;;30;6.28;6.7;3;5;3;0
2606;Modric;Modric;C;C;18;12;13;13;Milan;192.3;60;ambidestro;Croazia;09/09/1985 00:00:00;https://content.fantacalcio.it/web/campioncini/21/card/2606.png?v=647;;;;33;6.45;6.67;2;3;4;0
1933;Mandragora;Mandragora;C;"M;C";17;14;9;9;Fiorentina;180.4;28;sinistro;Italia;29/06/1997 00:00:00;https://content.fantacalcio.it/web/campioncini/21/card/1933.png?v=647;;;;34;6.04;6.62;7;2;7;0
6717;Konè I.;Konè I.;C;"M;C";17;6;9;9;Sassuolo;150.9;20;destro;"Canada;Costa d''Avorio";16/06/2002 00:00:00;https://content.fantacalcio.it/web/campioncini/21/card/6717.png?v=647;;;;35;6.19;6.63;6;0;3;1
5687;Vlasic;Vlasic;C;T;17;15;13;13;Torino;152.6;77;destro;Croazia;04/10/1997 00:00:00;https://content.fantacalcio.it/web/campioncini/21/card/5687.png?v=647;;;;37;6.03;6.66;8;3;7;0
6151;Perrone;Perrone;C;"M;C";16;8;11;11;Como;162.6;41;sinistro;Argentina;07/01/2003 00:00:00;https://content.fantacalcio.it/web/campioncini/21/card/6151.png?v=647;;;;36;6.22;6.47;3;4;8;0
4970;Messias;Messias;C;"C;W";16;8;3;3;Genoa;146.8;8;sinistro;Brasile;13/05/1991 00:00:00;https://content.fantacalcio.it/web/campioncini/21/card/4970.png?v=647;;;;19;6.18;6.68;3;1;1;0
6398;Isaksen;Isaksen;C;"W;A";16;14;8;8;Lazio;172.7;23;ambidestro;Danimarca;19/04/2001 00:00:00;https://content.fantacalcio.it/web/campioncini/21/card/6398.png?v=647;;;;27;6.04;6.63;5;1;0;0
4427;Malinovskyi;Malinovskyi;C;"C;T";15;8;;;Genoa;132.0;;;;;;;;;34;6.07;6.54;6;3;10;0
4892;Saelemaekers;Saelemaekers;C;"E;W";15;12;11;11;Milan;150.8;45;destro;Belgio;27/06/1999 00:00:00;https://content.fantacalcio.it/web/campioncini/21/card/4892.png?v=647;;;;35;6.14;6.41;3;3;5;0
4220;Zambo Anguissa;Zambo Anguissa;C;"M;C";15;15;11;11;Napoli;181.5;54;destro;Camerun;16/11/1995 00:00:00;https://content.fantacalcio.it/web/campioncini/21/card/4220.png?v=647;;;;18;6.17;6.86;4;1;1;0
6666;Bernabè;Bernabè;C;C;15;11;7;7;Parma;129.0;36;sinistro;Spagna;26/05/2001 00:00:00;https://content.fantacalcio.it/web/campioncini/21/card/6666.png?v=647;;;;32;6.17;6.48;3;1;0;0
5844;Thorstvedt;Thorstvedt;C;"C;T";15;8;10;10;Sassuolo;129.0;41;sinistro;Norvegia;13/03/1999 00:00:00;https://content.fantacalcio.it/web/campioncini/21/card/5844.png?v=647;;;;31;6.15;6.48;4;3;9;0
6844;Rowe;Rowe;C;"W;T";15;14;11;11;Bologna;161.6;40;destro;Inghilterra;30/04/2003 00:00:00;https://content.fantacalcio.it/web/campioncini/21/card/6844.png?v=647;;;;28;6.2;6.59;3;3;2;0
5422;Zalewski;Zalewski;C;"E;W";14;6;5;5;Atalanta;141.9;19;destro;Polonia;23/01/2002 00:00:00;https://content.fantacalcio.it/web/campioncini/21/card/5422.png?v=647;;;;31;6.1;6.4;2;5;3;0
2529;Mkhitaryan;Mkhitaryan;C;"C;T";14;9;5;5;Inter;153.2;19;ambidestro;Armenia;21/01/1989 00:00:00;https://content.fantacalcio.it/web/campioncini/21/card/2529.png?v=647;;;;28;6.21;6.59;4;1;5;0
5562;Thuram K.;Thuram K.;C;"M;C";14;16;10;10;Juventus;158.7;41;destro;"Francia;Guadalupa";26/03/2001 00:00:00;https://content.fantacalcio.it/web/campioncini/21/card/5562.png?v=647;;;;34;6.1;6.4;3;2;2;0
6190;Pisilli;Pisilli;C;C;14;7;5;5;Roma;146.4;17;destro;Italia;23/09/2004 00:00:00;https://content.fantacalcio.it/web/campioncini/21/card/6190.png?v=647;;;;22;6.09;6.48;2;4;3;0
6684;Ekkelenkamp;Ekkelenkamp;C;"C;T";14;10;10;10;Udinese;128.8;41;destro;Olanda;05/04/2000 00:00:00;https://content.fantacalcio.it/web/campioncini/21/card/6684.png?v=647;;;;31;6.05;6.61;5;3;1;0
7314;Taylor K.;Taylor K.;C;"C;T";14;14;13;13;Lazio;151.3;64;sinistro;Olanda;16/05/2002 00:00:00;https://content.fantacalcio.it/web/campioncini/21/card/7314.png?v=647;;;;17;6.06;6.56;3;2;5;0
5792;Ederson D.S.;Ederson D.S.;C;"M;C";13;15;13;13;Atalanta;151.9;48;destro;Brasile;07/07/1999 00:00:00;https://content.fantacalcio.it/web/campioncini/21/card/5792.png?v=647;;;;30;6.25;6.43;2;1;3;0
184;Bernardeschi;Bernardeschi;C;"W;A";13;9;9;9;Bologna;142.9;21;sinistro;Italia;16/02/1994 00:00:00;https://content.fantacalcio.it/web/campioncini/21/card/184.png?v=647;;;;24;6.04;6.56;4;2;3;0
2765;Odgaard;Odgaard;C;"T;A";13;16;7;7;Bologna;171.4;20;sinistro;Danimarca;31/03/1999 00:00:00;https://content.fantacalcio.it/web/campioncini/21/card/2765.png?v=647;;;;22;5.91;6.61;5;1;1;0
4364;Gaetano;Gaetano;C;T;13;8;8;8;Cagliari;107.4;27;destro;Italia;05/05/2000 00:00:00;https://content.fantacalcio.it/web/campioncini/21/card/4364.png?v=647;;;;32;6.06;6.31;2;4;4;0
5036;Caqueret;Caqueret;C;"C;T";13;12;6;6;Como;134.0;20;destro;Francia;15/02/2000 00:00:00;https://content.fantacalcio.it/web/campioncini/21/card/5036.png?v=647;;;;28;6.11;6.41;2;4;3;0
4486;Strefezza;Strefezza;C;"W;A";13;10;;;Parma;125.8;;;;;;;;;14;6.21;6.68;2;2;3;0
5800;Gudmundsson A.;Gudmundsson A.;C;"T;A";13;24;12;12;Fiorentina;222.8;58;destro;Islanda;15/06/1997 00:00:00;https://content.fantacalcio.it/web/campioncini/21/card/5800.png?v=647;;;;32;5.88;6.34;5;3;4;1
632;Zaccagni;Zaccagni;C;"W;A";13;26;15;15;Lazio;224.7;88;destro;Italia;16/06/1995 00:00:00;https://content.fantacalcio.it/web/campioncini/21/card/632.png?v=647;;;;26;5.88;5.96;3;0;6;1
5504;Coulibaly L.;Coulibaly L.;C;"M;C";13;7;7;7;Lecce;106.6;16;destro;Mali;10/04/1996 00:00:00;https://content.fantacalcio.it/web/campioncini/21/card/5504.png?v=647;;;;33;6.05;6.29;3;1;4;0
536;Politano;Politano;C;W;13;15;9;9;Napoli;148.2;43;sinistro;Italia;03/08/1993 00:00:00;https://content.fantacalcio.it/web/campioncini/21/card/536.png?v=647;;;;33;6.09;6.36;2;5;4;0
779;Cristante;Cristante;C;"M;C";13;9;9;9;Roma;124.8;32;destro;"Italia;Canada";03/03/1995 00:00:00;https://content.fantacalcio.it/web/campioncini/21/card/779.png?v=647;;;;37;6.11;6.22;2;1;6;0
5589;Konè M.;Konè M.;C;"M;C";13;14;11;11;Roma;149.4;45;destro;"Francia;Costa d''Avorio";17/05/2001 00:00:00;https://content.fantacalcio.it/web/campioncini/21/card/5589.png?v=647;;;;29;6.26;6.53;2;3;2;0
530;Pellegrini Lo.;Pellegrini Lo.;C;"C;T";13;11;10;10;Roma;144.2;28;destro;Italia;19/06/1996 00:00:00;https://content.fantacalcio.it/web/campioncini/21/card/530.png?v=647;;;;24;6.04;6.58;4;2;2;0
5735;Volpato;Volpato;C;"W;T";13;5;7;7;Sassuolo;117.0;23;sinistro;"Italia;Australia";15/11/2003 00:00:00;https://content.fantacalcio.it/web/campioncini/21/card/5735.png?v=647;;;;21;6.14;6.52;2;4;4;0
5888;Casadei;Casadei;C;"C;T";13;12;10;10;Torino;113.6;37;destro;Italia;10/01/2003 00:00:00;https://content.fantacalcio.it/web/campioncini/21/card/5888.png?v=647;;;;32;5.97;6.45;6;0;5;0
2077;Pasalic;Pasalic;C;"C;T";12;9;9;9;Atalanta;118.6;32;destro;Croazia;09/02/1995 00:00:00;https://content.fantacalcio.it/web/campioncini/21/card/2077.png?v=647;;;;31;5.94;6.27;3;3;3;0
4404;Thorsby;Thorsby;C;"C;T";12;5;;;Cremonese;108.0;;;;;;;;;21;6.1;6.48;3;1;4;0
827;Locatelli;Locatelli;C;"M;C";12;12;9;9;Juventus;115.1;35;destro;Italia;08/01/1998 00:00:00;https://content.fantacalcio.it/web/campioncini/21/card/827.png?v=647;;;;36;6.26;6.19;1;2;9;0
7351;Santos A.;Santos A.;C;"W;A";12;7;15;15;Napoli;190.6;57;destro;Brasile;27/09/2002 00:00:00;https://content.fantacalcio.it/web/campioncini/21/card/7351.png?v=647;;;;13;6.35;7.23;4;0;1;0
7133;Vandeputte;Vandeputte;C;"W;T";11;12;;;Cremonese;98.8;;;;;;;;;31;6.06;6.27;1;5;3;0
4465;Fagioli;Fagioli;C;C;11;8;9;9;Fiorentina;108.4;25;destro;Italia;12/02/2001 00:00:00;https://content.fantacalcio.it/web/campioncini/21/card/4465.png?v=647;;;;33;6.03;6.23;2;3;5;0
7070;Sucic P.;Sucic P.;C;C;11;9;8;8;Inter;110.2;26;destro;"Croazia;Bosnia Erzegovina";25/10/2003 00:00:00;https://content.fantacalcio.it/web/campioncini/21/card/7070.png?v=647;;;;28;6.07;6.27;2;2;5;0
333;Cataldi;Cataldi;C;"M;C";11;5;5;5;Lazio;117.2;15;destro;Italia;06/08/1994 00:00:00;https://content.fantacalcio.it/web/campioncini/21/card/333.png?v=647;;;;27;6.07;6.41;3;3;6;0
5674;Basic;Basic;C;C;11;1;7;7;Lazio;118.3;20;sinistro;Croazia;25/11/1996 00:00:00;https://content.fantacalcio.it/web/campioncini/21/card/5674.png?v=647;;;;23;6.09;6.43;2;3;0;1
5453;Ricci S.;Ricci S.;C;"M;C";11;10;4;4;Milan;106.3;13;destro;Italia;21/08/2001 00:00:00;https://content.fantacalcio.it/web/campioncini/21/card/5453.png?v=647;;;;28;6.0;6.18;1;3;3;0
6898;Keita M.;Keita M.;C;"M;C";11;6;6;6;Parma;84.8;17;destro;"Belgio;Guinea";10/05/2002 00:00:00;https://content.fantacalcio.it/web/campioncini/21/card/6898.png?v=647;;;;36;6.01;6.06;1;1;1;0
5651;Harrison;Harrison;C;W;11;10;;;Fiorentina;110.2;;;;;;;;;15;5.9;6.27;1;3;1;0
4947;Brescianini;Brescianini;C;"C;T";10;8;3;3;Fiorentina;103.7;7;sinistro;Italia;20/01/2000 00:00:00;https://content.fantacalcio.it/web/campioncini/21/card/4947.png?v=647;;;;18;5.97;6.31;2;1;2;0
4896;Maldini;Maldini;C;"T;A";10;9;6;6;Lazio;103.7;22;destro;"Italia;Venezuela";11/10/2001 00:00:00;https://content.fantacalcio.it/web/campioncini/21/card/4896.png?v=647;;;;18;5.94;6.31;2;1;1;0
6252;Folorunsho;Folorunsho;C;"C;T";10;9;4;4;Cagliari;82.6;10;destro;"Italia;Nigeria";07/02/1998 00:00:00;https://content.fantacalcio.it/web/campioncini/21/card/6252.png?v=647;;;;26;6.04;6.21;2;0;3;0
4686;Fofana Y.;Fofana Y.;C;"M;C";10;11;6;6;Milan;101.8;26;destro;"Francia;Mali";10/01/1999 00:00:00;https://content.fantacalcio.it/web/campioncini/21/card/4686.png?v=647;;;;33;5.85;6.06;2;3;4;0
4199;Loftus-Cheek;Loftus-Cheek;C;"C;T";10;8;4;4;Milan;115.2;11;destro;"Inghilterra;Giamaica";23/01/1996 00:00:00;https://content.fantacalcio.it/web/campioncini/21/card/4199.png?v=647;;;;21;6.1;6.52;3;1;2;0
4287;Lobotka;Lobotka;C;"M;C";10;9;8;8;Napoli;94.8;22;ambidestro;Slovacchia;25/11/1994 00:00:00;https://content.fantacalcio.it/web/campioncini/21/card/4287.png?v=647;;;;31;6.05;6.1;1;0;3;0
6831;Neres;Neres;C;"W;A";10;13;7;7;Napoli;163.1;25;sinistro;Brasile;03/03/1997 00:00:00;https://content.fantacalcio.it/web/campioncini/21/card/6831.png?v=647;;;;16;6.19;6.84;3;3;3;0
2334;Leris;Leris;C;W;10;2;;;Pisa;81.9;;;;;;;;;32;5.94;6.19;2;3;2;0
1976;Mazzitelli;Mazzitelli;C;"M;C";10;5;;;Cagliari;98.6;;;;;;;;;14;6.07;6.57;2;2;3;0
22;De Roon;De Roon;C;"M;C";9;12;5;5;Atalanta;108.3;14;destro;Olanda;29/03/1991 00:00:00;https://content.fantacalcio.it/web/campioncini/21/card/22.png?v=647;;;;34;5.97;6.0;1;2;6;1
5119;Samardzic;Samardzic;C;T;9;12;12;12;Atalanta;119.5;42;sinistro;"Germania;Serbia";24/02/2002 00:00:00;https://content.fantacalcio.it/web/campioncini/21/card/5119.png?v=647;;;;21;5.93;6.29;2;2;1;0
6054;Moro N.;Moro N.;C;"M;C";9;3;4;4;Bologna;87.1;12;destro;Croazia;12/03/1998 00:00:00;https://content.fantacalcio.it/web/campioncini/21/card/6054.png?v=647;;;;28;5.93;6.12;2;0;1;0
6294;Ndour;Ndour;C;"M;C";9;2;8;8;Fiorentina;85.3;25;ambidestro;"Italia;Senegal";27/07/2004 00:00:00;https://content.fantacalcio.it/web/campioncini/21/card/6294.png?v=647;;;;30;5.8;6.07;3;0;2;0
5791;Frendrup;Frendrup;C;"M;C";9;9;8;8;Genoa;68.5;21;destro;Danimarca;07/04/2001 00:00:00;https://content.fantacalcio.it/web/campioncini/21/card/5791.png?v=647;;;;36;5.96;5.97;1;0;5;0
4711;Kostic;Kostic;C;"E;W";9;4;;;Juventus;162.3;;;;;;;;;10;6.2;7.2;3;1;1;0
795;El Shaarawy;El Shaarawy;C;W;9;8;;;Roma;96.3;;;;;;;;;18;6.14;6.33;1;2;4;0
5823;Baldanzi;Baldanzi;C;"T;A";9;8;10;10;Genoa;82.4;27;sinistro;Italia;23/03/2003 00:00:00;https://content.fantacalcio.it/web/campioncini/21/card/5823.png?v=647;;;;17;6.15;6.38;1;2;2;0
6680;Karlstrom;Karlstrom;C;"M;C";9;6;7;7;Udinese;68.3;23;destro;Svezia;21/06/1995 00:00:00;https://content.fantacalcio.it/web/campioncini/21/card/6680.png?v=647;;;;36;5.96;5.96;1;0;6;0
5761;Zhegrova;Zhegrova;C;W;9;19;5;5;Juventus;165.9;16;sinistro;Kosovo;31/03/1999 00:00:00;https://content.fantacalcio.it/web/campioncini/21/card/5761.png?v=647;;;;12;5.96;5.96;0;0;1;0
7318;Gandelman;Gandelman;C;"C;T";9;6;5;5;Lecce;83.7;14;sinistro;"Israele;Portogallo";16/05/2000 00:00:00;https://content.fantacalcio.it/web/campioncini/21/card/7318.png?v=647;;;;16;5.97;6.41;2;1;0;0
788;Freuler;Freuler;C;"M;C";8;11;;;Bologna;101.1;;;;;;;;;28;6.02;6.04;1;2;5;0
5298;Pobega;Pobega;C;"M;C";8;8;7;7;Bologna;80.7;17;ambidestro;Italia;15/07/1999 00:00:00;https://content.fantacalcio.it/web/campioncini/21/card/5298.png?v=647;;;;23;5.83;6.17;3;1;2;1
4870;Adopo;Adopo;C;"M;C";8;5;7;7;Cagliari;59.6;16;destro;"Francia;Costa d''Avorio";19/07/2000 00:00:00;https://content.fantacalcio.it/web/campioncini/21/card/4870.png?v=647;;;;38;5.83;5.88;1;1;4;0
6020;Ellertsson;Ellertsson;C;"C;W";8;5;7;7;Genoa;60.2;21;sinistro;Islanda;11/03/2002 00:00:00;https://content.fantacalcio.it/web/campioncini/21/card/6020.png?v=647;;;;35;5.84;5.91;1;1;1;1
5301;Luis Henrique;Luis Henrique;C;"E;W";8;7;5;5;Inter;76.6;15;destro;Brasile;14/12/2001 00:00:00;https://content.fantacalcio.it/web/campioncini/21/card/5301.png?v=647;;;;27;5.89;6.06;1;2;1;0
6394;Ramadani;Ramadani;C;"M;C";8;6;;;Lecce;59.1;;;;;;;;;37;5.91;5.85;1;0;10;0
6271;El Aynaoui;El Aynaoui;C;"M;C";8;9;5;5;Roma;86.4;20;destro;"Francia;Marocco";02/07/2001 00:00:00;https://content.fantacalcio.it/web/campioncini/21/card/6271.png?v=647;;;;21;5.98;6.1;1;2;5;0
6815;Fadera;Fadera;C;W;8;6;2;2;Sassuolo;66.6;3;destro;Gambia;03/11/2001 00:00:00;https://content.fantacalcio.it/web/campioncini/21/card/6815.png?v=647;;;;24;5.92;6.15;2;1;5;0
2839;Sottil;Sottil;C;"W;A";8;11;;;Lecce;90.7;;;;;;;;;21;6.02;6.24;1;2;1;0
7223;Vergara;Vergara;C;"W;T";8;1;8;8;Napoli;97.2;34;sinistro;Italia;16/01/2003 00:00:00;https://content.fantacalcio.it/web/campioncini/21/card/7223.png?v=647;;;;8;6.25;6.5;1;0;2;0
2528;Matic;Matic;C;"M;C";8;4;6;6;Sassuolo;61.3;17;sinistro;"Serbia;Slovacchia";01/08/1988 00:00:00;https://content.fantacalcio.it/web/campioncini/21/card/2528.png?v=647;;;;34;5.96;5.96;1;1;6;1
4349;Nicolussi Caviglia;Nicolussi Caviglia;C;"M;C";8;9;7;7;Parma;69.8;20;destro;Italia;18/06/2000 00:00:00;https://content.fantacalcio.it/web/campioncini/21/card/4349.png?v=647;;;;23;5.89;6.02;0;4;4;0
6424;Prati;Prati;C;"M;C";7;3;4;4;Torino;52.6;7;destro;Italia;28/12/2003 00:00:00;https://content.fantacalcio.it/web/campioncini/21/card/6424.png?v=647;;;;32;5.88;5.88;1;0;6;0
6640;Felici;Felici;C;W;7;6;4;4;Cagliari;76.6;8;destro;Italia;17/04/2001 00:00:00;https://content.fantacalcio.it/web/campioncini/21/card/6640.png?v=647;;;;11;6.05;6.55;2;1;3;0
5813;Miretti;Miretti;C;"C;T";7;5;3;3;Juventus;61.3;11;destro;Italia;03/08/2003 00:00:00;https://content.fantacalcio.it/web/campioncini/21/card/5813.png?v=647;;;;15;5.97;6.2;1;1;1;0
6015;Berisha M.;Berisha M.;C;"C;T";7;3;5;5;Lecce;99.4;16;destro;"Svizzera;Kosovo";21/10/2003 00:00:00;https://content.fantacalcio.it/web/campioncini/21/card/6015.png?v=647;;;;12;6.17;6.92;2;3;0;0
6549;Pierotti;Pierotti;C;"W;A";7;10;5;5;Lecce;73.1;17;destro;"Argentina;Italia";03/04/2001 00:00:00;https://content.fantacalcio.it/web/campioncini/21/card/6549.png?v=647;;;;37;5.8;5.85;1;1;4;0
5131;Gilmour;Gilmour;C;"M;C";7;7;3;3;Napoli;63.8;9;destro;Scozia;11/06/2001 00:00:00;https://content.fantacalcio.it/web/campioncini/21/card/5131.png?v=647;;;;13;6.08;6.27;1;0;1;0
6170;Gineitis;Gineitis;C;C;7;5;6;6;Torino;51.4;15;sinistro;Lituania;15/04/2004 00:00:00;https://content.fantacalcio.it/web/campioncini/21/card/6170.png?v=647;;;;27;5.87;5.81;0;1;5;0
7028;Bernede;Bernede;C;C;7;4;;;Verona;55.2;;;;;;;;;31;5.87;6.0;1;2;2;0
7198;Piotrowski;Piotrowski;C;C;7;6;6;6;Udinese;54.1;17;destro;Polonia;04/10/1997 00:00:00;https://content.fantacalcio.it/web/campioncini/21/card/7198.png?v=647;;;;30;5.88;5.95;1;0;2;0
7208;Miller L.;Miller L.;C;"M;C";7;3;3;3;Udinese;54.1;15;destro;Scozia;25/08/2006 00:00:00;https://content.fantacalcio.it/web/campioncini/21/card/7208.png?v=647;;;;19;5.92;5.95;0;2;4;0
7209;Sorensen O.;Sorensen O.;C;C;7;6;3;3;Parma;54.1;12;sinistro;Danimarca;10/03/2002 00:00:00;https://content.fantacalcio.it/web/campioncini/21/card/7209.png?v=647;;;;30;5.85;5.95;1;1;2;0
6005;Ilkhan;Ilkhan;C;"C;T";7;1;5;5;Torino;55.2;12;destro;Turchia;01/06/2004 00:00:00;https://content.fantacalcio.it/web/campioncini/21/card/6005.png?v=647;;;;17;5.82;6.0;1;2;2;1
6274;Diouf;Diouf;C;C;7;7;9;9;Inter;71.6;40;sinistro;"Francia;Senegal";17/05/2003 00:00:00;https://content.fantacalcio.it/web/campioncini/21/card/6274.png?v=647;;;;10;6.15;6.45;1;0;1;0
4479;Elmas;Elmas;C;"W;T";7;11;;;Napoli;98.7;;;;;;;;;28;5.8;5.96;1;3;3;0
801;Gagliardini;Gagliardini;C;"M;C";7;2;;;Verona;51.9;;;;;;;;;29;5.91;5.84;1;0;10;0
6024;Sulemana I.;Sulemana I.;C;"M;C";6;4;3;3;Cagliari;44.0;8;ambidestro;Ghana;22/05/2003 00:00:00;https://content.fantacalcio.it/web/campioncini/21/card/6024.png?v=647;;;;18;5.69;5.78;1;0;3;0
5784;Aebischer;Aebischer;C;C;6;4;;;Pisa;44.2;;;;;;;;;35;5.8;5.8;1;1;8;0
6206;Fabbian;Fabbian;C;"C;T";6;10;4;4;Fiorentina;93.1;8;destro;Italia;14/01/2003 00:00:00;https://content.fantacalcio.it/web/campioncini/21/card/6206.png?v=647;;;;22;5.8;6.05;2;0;2;0
1871;Deiola;Deiola;C;"M;C";6;5;3;3;Cagliari;47.1;8;destro;Italia;01/08/1995 00:00:00;https://content.fantacalcio.it/web/campioncini/21/card/1871.png?v=647;;;;20;5.98;5.95;0;1;3;0
6629;Dele-Bashiru;Dele-Bashiru;C;"C;T";6;11;5;5;Lazio;95.7;13;destro;"Nigeria;Inghilterra";06/02/2001 00:00:00;https://content.fantacalcio.it/web/campioncini/21/card/6629.png?v=647;;;;21;5.69;5.83;1;0;0;0
5998;Zerbin;Zerbin;C;"E;W";6;3;4;4;Cremonese;44.1;11;destro;Italia;03/03/1999 00:00:00;https://content.fantacalcio.it/web/campioncini/21/card/5998.png?v=647;;;;29;5.76;5.79;0;2;2;0
7138;Ordonez C.;Ordonez C.;C;"M;C";6;5;2;2;Parma;44.4;6;destro;Argentina;24/07/2004 00:00:00;https://content.fantacalcio.it/web/campioncini/21/card/7138.png?v=647;;;;21;5.79;5.81;1;0;3;1
5318;Tramoni M.;Tramoni M.;C;"W;T";6;12;;;Pisa;90.2;;;;;;;;;25;5.72;6.0;2;2;3;0
6246;Lipani;Lipani;C;"M;C";6;4;2;2;Sassuolo;46.0;5;destro;Italia;18/05/2005 00:00:00;https://content.fantacalcio.it/web/campioncini/21/card/6246.png?v=647;;;;21;5.93;5.9;0;1;3;0
6458;Serdar;Serdar;C;C;6;5;;;Verona;55.0;;;;;;;;;18;5.97;6.22;2;0;3;0
5858;Ferguson;Ferguson;C;"C;T";5;11;8;8;Bologna;94.8;21;destro;Scozia;24/08/1999 00:00:00;https://content.fantacalcio.it/web/campioncini/21/card/5858.png?v=647;;;;23;5.8;5.78;1;0;5;1
27;Grassi;Grassi;C;"M;C";5;4;;;Cremonese;36.0;;;;;;;;;28;5.79;5.7;0;0;3;1
6917;Masini;Masini;C;"M;C";5;5;2;2;Genoa;39.0;4;destro;Italia;27/01/2001 00:00:00;https://content.fantacalcio.it/web/campioncini/21/card/6917.png?v=647;;;;21;5.98;5.9;0;1;5;0
5457;Maleh;Maleh;C;"M;C";5;6;2;2;Cremonese;43.1;5;sinistro;"Italia;Marocco";22/08/1998 00:00:00;https://content.fantacalcio.it/web/campioncini/21/card/5457.png?v=647;;;;21;5.69;5.71;1;0;3;1
5992;Bondo;Bondo;C;"M;C";5;3;;;Cremonese;36.7;;;;;;;;;27;5.85;5.76;0;0;5;0
5295;Musah;Musah;C;"C;W";5;6;2;2;Atalanta;50.7;6;destro;"Stati Uniti;Inghilterra";29/11/2002 00:00:00;https://content.fantacalcio.it/web/campioncini/21/card/5295.png?v=647;;;;16;5.94;6.09;1;0;1;0
5290;Estevez;Estevez;C;"M;C";5;2;;;Parma;37.2;;;;;;;;;22;5.8;5.8;0;1;2;0
7146;Tourè I.;Tourè I.;C;"E;M";5;6;;;Pisa;44.6;;;;;;;;;30;5.82;5.82;1;0;4;1
6593;Akinsanmiro;Akinsanmiro;C;"C;T";5;3;6;6;Pisa;37.2;16;destro;Nigeria;25/11/2004 00:00:00;https://content.fantacalcio.it/web/campioncini/21/card/6593.png?v=647;;;;23;5.8;5.8;0;1;2;0
6481;Payero;Payero;C;C;5;4;;;Cremonese;38.2;;;;;;;;;25;5.9;5.86;1;0;8;0
5286;Akpa Akpro;Akpa Akpro;C;"M;C";5;1;;;Verona;37.2;;;;;;;;;22;5.86;5.8;1;0;9;0
7322;Ngom;Ngom;C;"M;C";5;1;5;5;Lecce;35.6;13;destro;"Mauritania;Francia";09/03/2004 00:00:00;https://content.fantacalcio.it/web/campioncini/21/card/7322.png?v=647;;;;13;5.69;5.65;0;0;1;0
7331;Loyola;Loyola;C;"M;C";5;7;;;Pisa;50.3;;;;;;;;;11;5.55;5.73;1;0;0;1
7341;Amorim;Amorim;C;"M;C";5;5;5;5;Genoa;35.7;13;destro;Brasile;18/05/2005 00:00:00;https://content.fantacalcio.it/web/campioncini/21/card/7341.png?v=647;;;;9;5.72;5.67;0;0;1;0
2848;Frattesi;Frattesi;C;"C;T";4;14;7;7;Inter;122.2;15;destro;Italia;22/09/1999 00:00:00;https://content.fantacalcio.it/web/campioncini/21/card/2848.png?v=647;;;;14;5.89;5.89;0;0;0;0
5685;Koopmeiners;Koopmeiners;C;"C;T";4;14;5;5;Juventus;117.7;14;sinistro;Olanda;28/02/1998 00:00:00;https://content.fantacalcio.it/web/campioncini/21/card/5685.png?v=647;;;;29;5.64;5.55;0;0;5;0
5319;Sohm;Sohm;C;C;4;12;5;5;Bologna;101.2;14;destro;"Svizzera;Nigeria";11/04/2001 00:00:00;https://content.fantacalcio.it/web/campioncini/21/card/5319.png?v=647;;;;24;5.65;5.62;0;1;3;0
7145;Piccinini G.;Piccinini G.;C;"E;M";4;6;;;Pisa;43.0;;;;;;;;;22;5.77;5.7;0;0;3;0
5688;Harroui;Harroui;C;"W;T";4;7;;;Verona;52.1;;;;;;;;;17;5.74;5.85;1;0;3;0
6486;Suslov;Suslov;C;"W;T";4;9;;;Verona;63.2;;;;;;;;;10;5.75;5.6;0;0;1;1
7203;Jashari;Jashari;C;C;4;13;4;4;Milan;111.7;11;sinistro;"Svizzera;Macedonia del Nord";30/07/2001 00:00:00;https://content.fantacalcio.it/web/campioncini/21/card/7203.png?v=647;;;;12;5.71;5.79;0;1;0;0
6218;Oristanio;Oristanio;C;"W;T;A";4;12;7;7;Parma;88.4;27;sinistro;Italia;28/09/2002 00:00:00;https://content.fantacalcio.it/web/campioncini/21/card/6218.png?v=647;;;;18;5.78;5.92;1;0;1;0
6575;Zaragoza;Zaragoza;C;"W;A";4;7;;;Roma;55.2;;;;;;;;;3;5.83;6.0;0;1;1;0
4284;Sergi Roberto;Sergi Roberto;C;"M;C";3;4;;;Como;29.3;;;;;;;;;13;5.85;5.73;0;0;3;0
6010;Fazzini;Fazzini;C;"C;T";3;11;8;8;Fiorentina;95.7;21;destro;Italia;16/03/2003 00:00:00;https://content.fantacalcio.it/web/campioncini/21/card/6010.png?v=647;;;;12;5.88;5.83;0;0;2;0
6191;Belahyane;Belahyane;C;"M;C";3;4;1;1;Lazio;30.6;5;destro;"Francia;Marocco";01/06/2004 00:00:00;https://content.fantacalcio.it/web/campioncini/21/card/6191.png?v=647;;;;11;5.77;5.82;0;2;1;1
6984;Ondrejka;Ondrejka;C;"W;A";3;13;4;4;Parma;91.4;16;destro;Svezia;02/09/2002 00:00:00;https://content.fantacalcio.it/web/campioncini/21/card/6984.png?v=647;;;;15;5.7;5.63;0;0;2;0
7147;Hojholt;Hojholt;C;"M;C";3;1;;;Pisa;21.0;;;;;;;;;15;5.57;5.5;0;0;2;0
7150;Vural;Vural;C;C;3;3;;;Pisa;21.5;;;;;;;;;14;5.79;5.64;0;0;4;0
7157;Iannoni;Iannoni;C;C;3;1;1;1;Sassuolo;46.0;1;destro;Italia;11/04/2001 00:00:00;https://content.fantacalcio.it/web/campioncini/21/card/7157.png?v=647;;;;5;6.0;6.5;1;0;3;0
6212;Zarraga;Zarraga;C;"M;C";3;2;1;1;Udinese;22.0;4;destro;Spagna;04/01/1999 00:00:00;https://content.fantacalcio.it/web/campioncini/21/card/6212.png?v=647;;;;10;5.75;5.7;0;0;2;0
5850;Lovric;Lovric;C;C;3;9;;;Verona;64.6;;;;;;;;;10;5.75;5.75;0;1;2;0
7254;Lorran;Lorran;C;T;3;7;;;Pisa;80.4;;;;;;;;;4;5.88;6.62;1;0;0;0
6112;Iling Junior;Iling Junior;C;"E;W";3;5;;;Pisa;37.7;;;;;;;;;3;5.83;5.83;0;0;0;0
7132;Collocolo;Collocolo;C;"M;C";2;8;;;Cremonese;58.2;;;;;;;;;5;5.9;5.8;0;0;1;0
5788;Sabiri;Sabiri;C;T;2;2;;;Fiorentina;14.0;;;;;;;;;1;5.5;5.5;0;0;0;0
6980;Venturino;Venturino;C;W;2;3;2;2;Roma;24.2;5;destro;Italia;22/06/2006 00:00:00;https://content.fantacalcio.it/web/campioncini/21/card/6980.png?v=647;;;;7;5.86;5.86;0;0;0;0
4459;Rovella;Rovella;C;"M;C";2;8;7;7;Lazio;67.8;19;destro;Italia;04/12/2001 00:00:00;https://content.fantacalcio.it/web/campioncini/21/card/4459.png?v=647;;;;11;5.73;5.64;0;1;2;1
5872;Helgason;Helgason;C;"C;T";2;8;3;3;Lecce;56.4;7;destro;Islanda;28/09/2000 00:00:00;https://content.fantacalcio.it/web/campioncini/21/card/5872.png?v=647;;;;4;5.62;5.62;0;0;0;0
7149;Marin M.;Marin M.;C;"M;C";2;6;;;Pisa;43.0;;;;;;;;;20;5.88;5.7;0;0;7;0
6219;Boloca;Boloca;C;"M;C";2;6;2;2;Sassuolo;43.6;5;destro;"Romania;Italia";22/12/1998 00:00:00;https://content.fantacalcio.it/web/campioncini/21/card/6219.png?v=647;;;;2;5.75;5.75;0;0;0;0
6889;Anjorin;Anjorin;C;"C;T";2;10;1;1;Torino;71.2;4;destro;"Inghilterra;Nigeria";23/11/2001 00:00:00;https://content.fantacalcio.it/web/campioncini/21/card/6889.png?v=647;;;;9;5.78;5.72;0;0;1;0
5540;Niasse;Niasse;C;"M;C";2;3;;;Verona;22.2;;;;;;;;;16;5.69;5.72;0;1;1;0
7248;Gorter;Gorter;C;"M;C";2;1;1;1;Lecce;14.0;3;destro;Olanda;31/05/2005 00:00:00;https://content.fantacalcio.it/web/campioncini/21/card/7248.png?v=647;;;;1;5.5;5.5;0;0;0;0
7010;Al-Musrati;Al-Musrati;C;"M;C";2;4;;;Verona;28.1;;;;;;;;;14;5.71;5.57;0;1;4;1
4677;Cornet;Cornet;C;W;2;7;;;Genoa;49.0;;;;;;;;;5;5.1;4.5;0;0;0;0
7036;Bakola;Bakola;C;"C;T";2;3;5;5;Sassuolo;32.2;14;destro;"Francia;Congo";30/11/2007 00:00:00;https://content.fantacalcio.it/web/campioncini/21/card/7036.png?v=647;;;;3;6.17;6.17;0;0;0;0
7165;Liteta;Liteta;C;"M;C";1;1;1;1;Cagliari;8.6;1;destro;Zambia;22/02/2006 00:00:00;https://content.fantacalcio.it/web/campioncini/21/card/7165.png?v=647;;;;4;5.75;5.75;0;0;0;0
6645;Marchwinski;Marchwinski;C;T;1;1;;;Lecce;1.0;;;;;;;;;0;0.0;0.0;0;0;0;0
4890;Tameze;Tameze;C;"M;C";1;5;;;Torino;35.2;;;;;;;;;17;5.65;5.59;0;0;3;0
5007;Ilic;Ilic;C;C;1;7;1;1;Torino;52.6;4;destro;Serbia;17/03/2001 00:00:00;https://content.fantacalcio.it/web/campioncini/21/card/5007.png?v=647;;;;8;6.0;5.88;0;0;2;0
6677;Adzic;Adzic;C;"C;T";1;1;5;5;Juventus;54.6;16;destro;Montenegro;12/05/2006 00:00:00;https://content.fantacalcio.it/web/campioncini/21/card/6677.png?v=647;;;;4;6.12;6.88;1;0;0;0
5610;Vranckx;Vranckx;C;"M;C";1;4;;;Sassuolo;28.1;;;;;;;;;14;5.64;5.57;0;0;2;0
7246;Sala A.;Sala A.;C;C;1;3;;;Lecce;27.2;;;;;;;;;4;5.75;6.0;0;1;0;0
5561;Stengs;Stengs;C;"W;T";1;11;;;Pisa;77.0;;;;;;;;;1;5.5;5.5;0;0;0;0
6538;Onana J.;Onana J.;C;"M;C";1;2;;;Genoa;15.6;;;;;;;;;2;5.75;5.75;0;0;0;0
7276;Cremaschi;Cremaschi;C;C;1;5;1;1;Parma;41.2;3;destro;"Stati Uniti;Argentina";02/03/2005 00:00:00;https://content.fantacalcio.it/web/campioncini/21/card/7276.png?v=647;;;;1;6.0;6.0;0;0;0;0
7319;Fofana Sa.;Fofana Sa.;C;"M;C";1;1;1;1;Lecce;7.0;1;destro;"Togo;Germania";16/05/2003 00:00:00;https://content.fantacalcio.it/web/campioncini/21/card/7319.png?v=647;;;;2;5.5;5.5;0;0;0;0
7345;Przyborek;Przyborek;C;"W;T";1;2;1;1;Lazio;8.0;5;destro;Polonia;01/01/2007 00:00:00;https://content.fantacalcio.it/web/campioncini/21/card/7345.png?v=647;;;;0;0.0;6.0;0;0;0;0
7357;Lahdo;Lahdo;C;"C;T";1;2;1;1;Como;8.0;1;destro;"Svezia;Siria";26/12/2007 00:00:00;https://content.fantacalcio.it/web/campioncini/21/card/7357.png?v=647;;;;0;0.0;6.0;0;0;0;0
2764;Martinez L.;Martinez L.;A;Pc;33;34;35;35;Inter;500.0;370;destro;Argentina;22/08/1997 00:00:00;https://content.fantacalcio.it/web/campioncini/21/card/2764.png?v=647;;;;30;6.42;8.25;17;6;4;0
4871;Thuram;Thuram;A;Pc;32;29;29;29;Inter;500.0;280;destro;"Francia;Guadalupe";06/08/1997 00:00:00;https://content.fantacalcio.it/web/campioncini/21/card/4871.png?v=647;;;;29;6.43;7.95;13;6;2;0
6052;Hojlund;Hojlund;A;Pc;27;24;28;28;Napoli;488.3;271;sinistro;Danimarca;04/02/2003 00:00:00;https://content.fantacalcio.it/web/campioncini/21/card/6052.png?v=647;;;;33;6.21;7.44;12;5;1;0
7017;Douvikas;Douvikas;A;Pc;26;8;20;20;Como;464.8;154;destro;Grecia;02/08/1999 00:00:00;https://content.fantacalcio.it/web/campioncini/21/card/7017.png?v=647;;;;36;6.18;7.38;14;1;0;0
6434;Yildiz;Yildiz;A;A;26;24;24;24;Juventus;449.5;190;ambidestro;"Turchia;Germania";04/05/2005 00:00:00;https://content.fantacalcio.it/web/campioncini/21/card/6434.png?v=647;;;;35;6.39;7.3;10;6;2;0
531;Berardi;Berardi;A;A;25;21;19;19;Sassuolo;348.5;118;sinistro;Italia;01/08/1994 00:00:00;https://content.fantacalcio.it/web/campioncini/21/card/531.png?v=647;;;;26;6.31;7.19;8;4;2;1
5585;Malen;Malen;A;A;25;14;34;34;Roma;500.0;365;destro;"Olanda;Suriname";19/01/1999 00:00:00;https://content.fantacalcio.it/web/campioncini/21/card/5585.png?v=647;;;;18;6.72;8.97;14;2;1;0
6435;Krstovic;Krstovic;A;Pc;24;20;17;17;Atalanta;406.8;92;destro;"Serbia;Montenegro";05/04/2000 00:00:00;https://content.fantacalcio.it/web/campioncini/21/card/6435.png?v=647;;;;32;6.16;7.19;10;5;4;0
5637;Davis K.;Davis K.;A;Pc;24;12;19;19;Udinese;366.7;119;destro;Inghilterra;13/02/1998 00:00:00;https://content.fantacalcio.it/web/campioncini/21/card/5637.png?v=647;;;;30;6.32;7.37;10;4;5;0
2137;Scamacca;Scamacca;A;Pc;23;19;18;18;Atalanta;466.0;128;ambidestro;Italia;01/01/1999 00:00:00;https://content.fantacalcio.it/web/campioncini/21/card/2137.png?v=647;;;;22;6.18;7.55;10;1;2;0
505;Bonazzoli;Bonazzoli;A;A;22;1;;;Cremonese;295.7;;;;;;;;;35;6.16;7.01;10;2;4;0
7071;Esposito F.P.;Esposito F.P.;A;Pc;22;7;16;16;Inter;356.3;90;destro;Italia;28/06/2005 00:00:00;https://content.fantacalcio.it/web/campioncini/21/card/7071.png?v=647;;;;31;6.26;7.02;7;3;1;0
2061;Simeone;Simeone;A;Pc;22;8;15;15;Torino;306.1;79;destro;"Argentina;Spagna";05/07/1995 00:00:00;https://content.fantacalcio.it/web/campioncini/21/card/2061.png?v=647;;;;32;6.08;7.09;11;0;1;0
4463;Esposito Se.;Esposito Se.;A;A;21;7;14;14;Cagliari;270.6;40;destro;Italia;02/07/2002 00:00:00;https://content.fantacalcio.it/web/campioncini/21/card/4463.png?v=647;;;;36;6.26;6.88;7;4;6;0
6060;Laurientè;Laurientè;A;A;21;15;16;16;Sassuolo;283.7;91;destro;"Francia;Guadalupa";04/12/1998 00:00:00;https://content.fantacalcio.it/web/campioncini/21/card/6060.png?v=647;;;;37;6.23;6.99;7;9;4;0
6669;Bonny;Bonny;A;Pc;20;5;6;6;Inter;306.7;18;destro;"Francia;Costa d''Avorio";25/10/2003 00:00:00;https://content.fantacalcio.it/web/campioncini/21/card/6669.png?v=647;;;;27;6.15;6.83;5;4;1;0
4510;Leao;Leao;A;A;20;24;19;19;Milan;356.2;123;destro;"Portogallo;Angola";10/06/1999 00:00:00;https://content.fantacalcio.it/web/campioncini/21/card/4510.png?v=647;;;;28;5.88;6.86;9;3;5;0
5734;Soulè;Soulè;A;A;20;20;13;13;Roma;306.7;53;sinistro;"Argentina;Italia";15/04/2003 00:00:00;https://content.fantacalcio.it/web/campioncini/21/card/5734.png?v=647;;;;32;6.12;6.83;6;5;1;0
7023;Pellegrino M.;Pellegrino M.;A;Pc;18;13;15;15;Parma;218.6;57;sinistro;"Argentina;Spagna";22/10/2001 00:00:00;https://content.fantacalcio.it/web/campioncini/21/card/7023.png?v=647;;;;37;5.99;6.65;9;0;5;0
4728;Nkunku;Nkunku;A;A;18;20;14;14;Milan;312.0;25;destro;"Francia;Repubblica Democratica del Congo";14/11/1997 00:00:00;https://content.fantacalcio.it/web/campioncini/21/card/4728.png?v=647;;;;26;5.94;6.87;7;3;0;0
6572;Castro S.;Castro S.;A;Pc;17;19;13;13;Bologna;259.5;78;destro;Argentina;18/09/2004 00:00:00;https://content.fantacalcio.it/web/campioncini/21/card/6572.png?v=647;;;;35;5.93;6.51;7;1;3;0
5995;De Ketelaere;De Ketelaere;A;A;16;22;18;18;Atalanta;302.6;108;sinistro;Belgio;10/03/2001 00:00:00;https://content.fantacalcio.it/web/campioncini/21/card/5995.png?v=647;;;;31;6.21;6.6;3;5;4;0
2097;Kean;Kean;A;Pc;16;33;25;25;Fiorentina;447.3;197;destro;"Italia;Costa d''Avorio";28/02/2000 00:00:00;https://content.fantacalcio.it/web/campioncini/21/card/2097.png?v=647;;;;26;5.88;6.77;8;1;4;0
2841;Vlahovic;Vlahovic;A;Pc;16;24;;;Juventus;428.5;;;;;;;;;18;6.14;7.31;7;0;0;0
2489;Pedro;Pedro;A;A;16;13;;;Lazio;254.7;;;;;;;;;23;6.13;6.78;5;2;4;0
5455;Moreo;Moreo;A;A;16;5;;;Pisa;191.8;;;;;;;;;35;5.99;6.56;7;0;2;0
2038;Pinamonti;Pinamonti;A;Pc;16;16;12;12;Sassuolo;196.9;52;destro;Italia;19/05/1999 00:00:00;https://content.fantacalcio.it/web/campioncini/21/card/2038.png?v=647;;;;34;5.88;6.62;9;3;2;1
6646;Adams C.;Adams C.;A;A;16;14;10;10;Torino;198.7;34;destro;"Scozia;Inghilterra";13/07/1996 00:00:00;https://content.fantacalcio.it/web/campioncini/21/card/6646.png?v=647;;;;32;5.98;6.64;6;3;0;0
2499;Vardy;Vardy;A;Pc;16;15;;;Cremonese;196.9;;;;;;;;;29;5.95;6.62;7;1;5;0
7129;Rodriguez Je.;Rodriguez Je.;A;"W;A";15;5;11;11;Como;229.2;31;destro;Spagna;21/11/2005 00:00:00;https://content.fantacalcio.it/web/campioncini/21/card/7129.png?v=647;;;;28;6.25;6.66;2;8;3;1
6001;Banda;Banda;A;"W;A";15;5;;;Lecce;181.5;;;;;;;;;32;6.08;6.55;5;4;6;1
4371;Raspadori;Raspadori;A;A;15;13;14;14;Atalanta;256.3;64;ambidestro;Italia;18/02/2000 00:00:00;https://content.fantacalcio.it/web/campioncini/21/card/4371.png?v=647;;;;13;6.12;6.88;3;1;0;0
2531;Lukaku;Lukaku;A;Pc;15;31;9;9;Napoli;500.0;41;sinistro;"Belgio;Repubblica Democratica del Congo";13/03/1993 00:00:00;https://content.fantacalcio.it/web/campioncini/21/card/2531.png?v=647;;;;1;7.0;9.5;1;0;1;0
4923;Colombo;Colombo;A;Pc;14;12;10;10;Genoa;161.4;60;sinistro;Italia;08/03/2002 00:00:00;https://content.fantacalcio.it/web/campioncini/21/card/4923.png?v=647;;;;37;5.92;6.41;7;1;2;0
6556;Noslin;Noslin;A;A;14;7;6;6;Lazio;201.6;17;destro;Olanda;07/07/1999 00:00:00;https://content.fantacalcio.it/web/campioncini/21/card/6556.png?v=647;;;;23;6.02;6.5;4;2;4;1
6552;Orban G.;Orban G.;A;Pc;14;15;;;Verona;180.7;;;;;;;;;28;5.82;6.54;7;2;4;1
6164;Vitinha O.;Vitinha O.;A;Pc;13;12;8;8;Genoa;150.6;21;destro;Portogallo;15/03/2000 00:00:00;https://content.fantacalcio.it/web/campioncini/21/card/6164.png?v=647;;;;31;5.95;6.39;5;1;5;0
5544;David;David;A;Pc;13;27;8;8;Juventus;335.7;37;ambidestro;"Canada;Stati Uniti";14/01/2000 00:00:00;https://content.fantacalcio.it/web/campioncini/21/card/5544.png?v=647;;;;30;5.77;6.33;6;2;0;0
309;Dybala;Dybala;A;A;13;26;15;15;Roma;363.8;67;sinistro;"Argentina;Italia";15/11/1993 00:00:00;https://content.fantacalcio.it/web/campioncini/21/card/309.png?v=647;;;;21;6.26;6.74;2;7;0;0
7162;Giovane;Giovane;A;A;13;1;4;4;Napoli;185.7;10;sinistro;Brasile;24/11/2003 00:00:00;https://content.fantacalcio.it/web/campioncini/21/card/7162.png?v=647;;;;31;6.0;6.45;3;6;2;0
7199;Kilicsoy;Kilicsoy;A;A;13;6;;;Cagliari;183.7;;;;;;;;;16;6.03;6.78;4;0;1;0
4436;Cambiaghi;Cambiaghi;A;A;12;11;7;7;Bologna;171.8;25;destro;Italia;28/12/2000 00:00:00;https://content.fantacalcio.it/web/campioncini/21/card/4436.png?v=647;;;;24;5.98;6.42;3;4;3;1
6967;Diao;Diao;A;"W;A";12;17;12;12;Como;225.5;52;destro;"Spagna;Senegal";07/09/2005 00:00:00;https://content.fantacalcio.it/web/campioncini/21/card/6967.png?v=647;;;;16;6.0;6.38;2;1;2;0
5506;Ekuban;Ekuban;A;A;12;2;;;Genoa;143.8;;;;;;;;;28;5.96;6.43;4;1;0;0
7008;Gimenez;Gimenez;A;Pc;12;25;5;5;Milan;285.0;13;sinistro;"Messico;Italia";18/04/2001 00:00:00;https://content.fantacalcio.it/web/campioncini/21/card/7008.png?v=647;;;;15;5.5;5.53;0;1;2;0
6243;Borrelli;Borrelli;A;Pc;11;5;3;3;Cagliari;136.5;7;destro;Italia;10/03/2000 00:00:00;https://content.fantacalcio.it/web/campioncini/21/card/6243.png?v=647;;;;26;5.92;6.46;5;1;4;0
5500;Cancellieri;Cancellieri;A;"W;A";11;3;8;8;Lazio;150.4;26;sinistro;Italia;12/02/2002 00:00:00;https://content.fantacalcio.it/web/campioncini/21/card/5500.png?v=647;;;;28;5.93;6.29;4;1;6;0
6439;Cheddira;Cheddira;A;Pc;11;4;;;Lecce;126.5;;;;;;;;;24;5.81;6.31;4;1;3;0
2832;Boga;Boga;A;"W;A";11;6;7;7;Juventus;251.8;28;destro;"Costa d''Avorio;Francia";03/01/1997 00:00:00;https://content.fantacalcio.it/web/campioncini/21/card/2832.png?v=647;;;;13;6.19;7.15;4;1;1;0
5515;Okereke;Okereke;A;A;10;5;;;Cremonese;130.0;;;;;;;;;10;5.9;6.5;2;0;0;0
6822;Ekhator;Ekhator;A;A;10;1;3;3;Genoa;115.3;10;destro;"Italia;Nigeria";11/11/2006 00:00:00;https://content.fantacalcio.it/web/campioncini/21/card/6822.png?v=647;;;;25;5.96;6.28;3;0;3;0
6675;Dovbyk;Dovbyk;A;Pc;10;21;16;16;Roma;310.5;70;sinistro;Ucraina;21/06/1997 00:00:00;https://content.fantacalcio.it/web/campioncini/21/card/6675.png?v=647;;;;13;6.0;6.77;3;1;0;0
6365;Ferguson E.;Ferguson E.;A;Pc;10;19;;;Roma;299.2;;;;;;;;;14;6.11;6.86;3;2;1;0
5336;Nzola;Nzola;A;Pc;10;12;;;Sassuolo;133.1;;;;;;;;;27;5.96;6.26;4;1;2;1
2678;Fullkrug;Fullkrug;A;Pc;10;13;;;Milan;150.4;;;;;;;;;19;5.76;5.76;1;0;0;0
7316;Durosinmi;Durosinmi;A;Pc;10;15;;;Pisa;150.1;;;;;;;;;10;5.7;6.0;1;1;1;1
7347;Bowie;Bowie;A;A;10;6;9;9;Verona;156.3;36;sinistro;Scozia;21/09/2002 00:00:00;https://content.fantacalcio.it/web/campioncini/21/card/7347.png?v=647;;;;14;5.96;6.79;4;0;1;0
5918;Sulemana K.;Sulemana K.;A;A;9;9;6;6;Atalanta;124.3;17;destro;Ghana;15/02/2002 00:00:00;https://content.fantacalcio.it/web/campioncini/21/card/5918.png?v=647;;;;21;6.0;6.24;2;1;4;0
4359;Piccoli;Piccoli;A;Pc;9;17;7;7;Fiorentina;215.5;28;destro;Italia;27/01/2001 00:00:00;https://content.fantacalcio.it/web/campioncini/21/card/4359.png?v=647;;;;27;5.78;6.24;4;1;1;0
7313;Ratkov;Ratkov;A;Pc;9;15;9;9;Lazio;171.6;29;destro;"Serbia;Croazia";18/08/2003 00:00:00;https://content.fantacalcio.it/web/campioncini/21/card/7313.png?v=647;;;;7;5.64;5.64;0;0;0;0
608;Zapata D.;Zapata D.;A;Pc;8;20;6;6;Torino;202.7;16;destro;Colombia;01/04/1991 00:00:00;https://content.fantacalcio.it/web/campioncini/21/card/608.png?v=647;;;;23;5.83;6.13;3;1;0;0
7252;Stulic;Stulic;A;Pc;8;13;6;6;Lecce;135.7;16;destro;"Serbia;Croazia";08/09/2001 00:00:00;https://content.fantacalcio.it/web/campioncini/21/card/7252.png?v=647;;;;30;5.73;6.12;4;0;1;0
6380;Solomon;Solomon;A;"W;A";8;7;;;Fiorentina;129.6;;;;;;;;;13;5.96;6.46;2;1;1;0
6981;Vaz;Vaz;A;Pc;8;10;1;1;Roma;144.1;3;destro;"Frabcia;Guinea Bissau";17/02/2007 00:00:00;https://content.fantacalcio.it/web/campioncini/21/card/6981.png?v=647;;;;7;5.93;6.36;1;0;0;0
7001;N'Dri;N'Dri;A;"W;A";7;5;4;4;Lecce;77.5;11;sinistro;Costa D''Avorio;27/10/2000 00:00:00;https://content.fantacalcio.it/web/campioncini/21/card/7001.png?v=647;;;;17;5.82;6.09;2;0;3;0
7249;Buksa;Buksa;A;Pc;7;9;2;2;Udinese;103.5;4;sinistro;Polonia;12/07/1996 00:00:00;https://content.fantacalcio.it/web/campioncini/21/card/7249.png?v=647;;;;21;5.88;6.24;3;0;3;0
6643;Dallinga;Dallinga;A;Pc;6;10;7;7;Bologna;129.2;10;destro;Olanda;03/08/2000 00:00:00;https://content.fantacalcio.it/web/campioncini/21/card/6643.png?v=647;;;;19;5.82;6.13;2;1;2;0
7127;Addai;Addai;A;"W;A";6;7;4;4;Como;104.7;8;sinistro;"Olanda;Ghana";26/08/2005 00:00:00;https://content.fantacalcio.it/web/campioncini/21/card/7127.png?v=647;;;;12;5.96;6.54;3;0;4;0
5672;Dia;Dia;A;Pc;6;20;11;11;Lazio;232.4;33;destro;"Senegal;Francia";16/11/1996 00:00:00;https://content.fantacalcio.it/web/campioncini/21/card/5672.png?v=647;;;;25;5.68;5.86;1;2;1;0
6827;Njie;Njie;A;A;6;1;3;3;Torino;70.6;19;destro;"Svezia;Gambia";14/05/2005 00:00:00;https://content.fantacalcio.it/web/campioncini/21/card/6827.png?v=647;;;;10;5.8;6.15;1;1;2;0
7342;Elphege;Elphege;A;Pc;6;1;3;3;Parma;128.1;10;sinistro;"Francia;Camerun";09/01/2001 00:00:00;https://content.fantacalcio.it/web/campioncini/21/card/7342.png?v=647;;;;8;6.0;6.88;2;1;0;0
7128;Kuhn;Kuhn;A;"W;A";5;14;4;4;Como;181.9;7;sinistro;Germania;01/01/2000 00:00:00;https://content.fantacalcio.it/web/campioncini/21/card/7128.png?v=647;;;;14;5.96;6.25;1;1;0;0
5471;Djuric;Djuric;A;Pc;5;9;;;Cremonese;93.1;;;;;;;;;9;6.0;6.0;0;1;2;0
6836;Meister;Meister;A;Pc;5;2;;;Pisa;50.6;;;;;;;;;27;5.65;5.83;2;0;2;0
441;Belotti;Belotti;A;Pc;5;12;;;Cagliari;296.8;;;;;;;;;4;6.12;7.62;2;0;0;0
7272;Gueye;Gueye;A;Pc;5;1;3;3;Udinese;52.7;6;destro;Senegal;16/09/2006 00:00:00;https://content.fantacalcio.it/web/campioncini/21/card/7272.png?v=647;;;;13;5.77;5.92;1;0;2;0
7374;Mendy P.;Mendy P.;A;Pc;5;1;3;3;Cagliari;92.4;7;sinistro;Senegal;13/01/2007 00:00:00;https://content.fantacalcio.it/web/campioncini/21/card/7374.png?v=647;;;;8;5.94;6.62;2;0;1;0
479;Sanabria;Sanabria;A;Pc;4;7;;;Cremonese;70.9;;;;;;;;;23;5.76;5.89;1;1;2;0
6159;Sarr A.;Sarr A.;A;A;4;8;;;Verona;76.5;;;;;;;;;29;5.67;5.64;0;0;0;1
6630;Mosquera;Mosquera;A;Pc;4;6;;;Verona;67.2;;;;;;;;;14;5.96;6.07;0;2;1;0
6314;Openda;Openda;A;Pc;4;22;;;Juventus;259.9;;;;;;;;;14;5.79;6.0;1;0;0;0
7344;Stojilkovic;Stojilkovic;A;Pc;4;4;;;Pisa;38.1;;;;;;;;;12;5.58;5.58;0;0;0;0
7349;Kulenovic;Kulenovic;A;Pc;4;5;3;3;Torino;49.8;7;destro;Croazia;04/12/1999 00:00:00;https://content.fantacalcio.it/web/campioncini/21/card/7349.png?v=647;;;;7;5.71;5.79;0;1;2;0
6895;Dominguez B.;Dominguez B.;A;"W;A";3;9;2;2;Bologna;113.4;12;destro;Argentina;19/09/2003 00:00:00;https://content.fantacalcio.it/web/campioncini/21/card/6895.png?v=647;;;;12;5.83;6.04;0;3;1;0
247;Pavoletti;Pavoletti;A;Pc;3;1;;;Cagliari;57.6;;;;;;;;;6;6.0;6.42;1;0;1;0
6207;Almqvist;Almqvist;A;"W;A";3;4;3;3;Parma;47.8;12;sinistro;Svezia;10/07/1999 00:00:00;https://content.fantacalcio.it/web/campioncini/21/card/6207.png?v=647;;;;9;5.94;6.06;0;1;0;0
6519;Camarda;Camarda;A;Pc;2;12;4;4;Lecce;114.5;17;sinistro;Italia;10/03/2008 00:00:00;https://content.fantacalcio.it/web/campioncini/21/card/6519.png?v=647;;;;18;5.67;5.64;1;0;1;0
7161;Bayo V.;Bayo V.;A;Pc;2;4;1;1;Udinese;41.1;3;destro;Costa d''Avorio;10/01/1997 00:00:00;https://content.fantacalcio.it/web/campioncini/21/card/7161.png?v=647;;;;12;5.75;5.83;0;1;0;0
313;Morata;Morata;A;Pc;2;18;3;3;Como;205.2;8;destro;Spagna;23/10/1992 00:00:00;https://content.fantacalcio.it/web/campioncini/21/card/313.png?v=647;;;;17;5.5;5.21;0;0;2;1
7239;Braschi;Braschi;A;Pc;2;1;;;Fiorentina;20.7;;;;;;;;;2;5.75;5.75;0;0;0;0
6555;Moumbagna;Moumbagna;A;Pc;2;6;;;Cremonese;57.2;;;;;;;;;5;5.6;5.6;0;0;0;0
7338;Albarracin;Albarracin;A;A;2;1;1;1;Cagliari;26.6;1;sinistro;"Uruguay;Italia";29/08/2005 00:00:00;https://content.fantacalcio.it/web/campioncini/21/card/7338.png?v=647;;;;2;6.0;6.0;0;0;0;0
7381;Mikolajewski;Mikolajewski;A;Pc;2;1;;;Parma;26.6;;;;;;;;;1;6.0;6.0;0;0;0;0
2012;Milik;Milik;A;Pc;1;1;;;Juventus;17.1;;;;;;;;;2;6.0;6.0;0;0;0;0
7158;Moro L.;Moro L.;A;Pc;1;1;1;1;Sassuolo;9.5;1;destro;Italia;25/01/2001 00:00:00;https://content.fantacalcio.it/web/campioncini/21/card/7158.png?v=647;;;;6;5.58;5.5;0;0;1;0
7183;Aboukhlal;Aboukhlal;A;A;1;9;2;2;Torino;86.0;4;ambidestro;"Marocco;Olanda";18/02/2000 00:00:00;https://content.fantacalcio.it/web/campioncini/21/card/7183.png?v=647;;;;11;5.77;5.64;0;0;4;0
7213;Frigan;Frigan;A;Pc;1;7;5;5;Parma;28.0;13;sinistro;Croazia;11/02/2003 00:00:00;https://content.fantacalcio.it/web/campioncini/21/card/7213.png?v=647;;;;0;0.0;6.0;0;0;0;0
7262;Balentien;Balentien;A;A;1;1;;;Milan;1.0;;;;;;;;;0;0.0;0.0;0;0;0;0
7277;Arena A.;Arena A.;A;Pc;1;1;;;Roma;17.1;;;;;;;;;1;6.0;6.0;0;0;0;0
7309;Isaac;Isaac;A;Pc;1;1;;;Verona;17.1;;;;;;;;;1;6.0;6.0;0;0;0;0
7317;Trepy;Trepy;A;Pc;1;1;1;1;Cagliari;10.2;2;sinistro;"Francia;Italia";20/05/2006 00:00:00;https://content.fantacalcio.it/web/campioncini/21/card/7317.png?v=647;;;;3;5.67;5.67;0;0;0;0
7368;Vermesan;Vermesan;A;Pc;1;1;;;Verona;44.5;;;;;;;;;1;6.5;6.5;0;0;0;0
7388;Mosconi;Mosconi;A;A;1;1;;;Inter;1.0;;;;;;;;;0;0.0;0.0;0;0;0;0
